file_id_sample_to_clone,file_id_sample_to_compare,text
tess_OAF_anger_back,tess_OAF_anger_back,Say the word jail.
tess_OAF_anger_bar,tess_OAF_anger_bar,Say the word mop.
tess_OAF_anger_base,tess_OAF_anger_base,Say the word came.
tess_OAF_anger_bath,tess_OAF_anger_bath,Say the word week.
tess_OAF_anger_bean,tess_OAF_anger_bean,Say the word pass.
tess_OAF_anger_beg,tess_OAF_anger_beg,Say the word sure.
tess_OAF_anger_bite,tess_OAF_anger_bite,Say the word knock.
tess_OAF_anger_boat,tess_OAF_anger_boat,Say the word reach.
tess_OAF_anger_bone,tess_OAF_anger_bone,Say the word shirt.
tess_OAF_anger_book,tess_OAF_anger_book,Say the word mood.
tess_OAF_anger_bought,tess_OAF_anger_bought,Say the word get.
tess_OAF_anger_burn,tess_OAF_anger_burn,Say the word beg.
tess_OAF_anger_cab,tess_OAF_anger_cab,Say the word soap.
tess_OAF_anger_calm,tess_OAF_anger_calm,Say the word deep.
tess_OAF_anger_came,tess_OAF_anger_came,Say the word hire.
tess_OAF_anger_cause,tess_OAF_anger_cause,Say the word jail.
tess_OAF_anger_chain,tess_OAF_anger_chain,Say the word ripe.
tess_OAF_anger_chair,tess_OAF_anger_chair,Say the word soap.
tess_OAF_anger_chalk,tess_OAF_anger_chalk,Say the word hurl.
tess_OAF_anger_chat,tess_OAF_anger_chat,Say the word near.
tess_OAF_anger_check,tess_OAF_anger_check,Say the word turn.
tess_OAF_anger_cheek,tess_OAF_anger_cheek,Say the word tire.
tess_OAF_anger_chief,tess_OAF_anger_chief,Say the word dab.
tess_OAF_anger_choice,tess_OAF_anger_choice,Say the word king.
tess_OAF_anger_cool,tess_OAF_anger_cool,Say the word dead.
tess_OAF_anger_dab,tess_OAF_anger_dab,Say the word pain.
tess_OAF_anger_date,tess_OAF_anger_date,Say the word book.
tess_OAF_anger_dead,tess_OAF_anger_dead,Say the word pain.
tess_OAF_anger_death,tess_OAF_anger_death,Say the word keg.
tess_OAF_anger_deep,tess_OAF_anger_deep,Say the word vote.
tess_OAF_anger_dime,tess_OAF_anger_dime,Say the word raise.
tess_OAF_anger_dip,tess_OAF_anger_dip,Say the word sour.
tess_OAF_anger_ditch,tess_OAF_anger_ditch,Say the word rot.
tess_OAF_anger_dodge,tess_OAF_anger_dodge,Say the word haze.
tess_OAF_anger_dog,tess_OAF_anger_dog,Say the word pearl.
tess_OAF_anger_doll,tess_OAF_anger_doll,Say the word pole.
tess_OAF_anger_door,tess_OAF_anger_door,Say the word choice.
tess_OAF_anger_fail,tess_OAF_anger_fail,Say the word choice.
tess_OAF_anger_fall,tess_OAF_anger_fall,Say the word loaf.
tess_OAF_anger_far,tess_OAF_anger_far,Say the word void.
tess_OAF_anger_fat,tess_OAF_anger_fat,Say the word goose.
tess_OAF_anger_fit,tess_OAF_anger_fit,Say the word voice.
tess_OAF_anger_five,tess_OAF_anger_five,Say the word keep.
tess_OAF_anger_food,tess_OAF_anger_food,Say the word pike.
tess_OAF_anger_gap,tess_OAF_anger_gap,Say the word tip.
tess_OAF_anger_gas,tess_OAF_anger_gas,Say the word seize.
tess_OAF_anger_gaze,tess_OAF_anger_gaze,Say the word turn.
tess_OAF_anger_germ,tess_OAF_anger_germ,Say the word vote.
tess_OAF_anger_get,tess_OAF_anger_get,Say the word pad.
tess_OAF_anger_gin,tess_OAF_anger_gin,Say the word fit.
tess_OAF_anger_goal,tess_OAF_anger_goal,Say the word week.
tess_OAF_anger_good,tess_OAF_anger_good,Say the word cab.
tess_OAF_anger_goose,tess_OAF_anger_goose,Say the word kick.
tess_OAF_anger_gun,tess_OAF_anger_gun,Say the word luck.
tess_OAF_anger_half,tess_OAF_anger_half,Say the word yes.
tess_OAF_anger_hall,tess_OAF_anger_hall,Say the word laud.
tess_OAF_anger_hash,tess_OAF_anger_hash,Say the word fall.
tess_OAF_anger_hate,tess_OAF_anger_hate,Say the word thin.
tess_OAF_anger_have,tess_OAF_anger_have,Say the word soap.
tess_OAF_anger_haze,tess_OAF_anger_haze,Say the word red.
tess_OAF_anger_hire,tess_OAF_anger_hire,Say the word raid.
tess_OAF_anger_hit,tess_OAF_anger_hit,Say the word lot.
tess_OAF_anger_hole,tess_OAF_anger_hole,Say the word gaze.
tess_OAF_anger_home,tess_OAF_anger_home,Say the word walk.
tess_OAF_anger_hurl,tess_OAF_anger_hurl,Say the word keen.
tess_OAF_anger_hush,tess_OAF_anger_hush,Say the word team.
tess_OAF_anger_jail,tess_OAF_anger_jail,Say the word luck.
tess_OAF_anger_jar,tess_OAF_anger_jar,Say the word goal.
tess_OAF_anger_join,tess_OAF_anger_join,Say the word talk.
tess_OAF_anger_judge,tess_OAF_anger_judge,Say the word live.
tess_OAF_anger_jug,tess_OAF_anger_jug,Say the word book.
tess_OAF_anger_juice,tess_OAF_anger_juice,Say the word make.
tess_OAF_anger_keen,tess_OAF_anger_keen,Say the word ton.
tess_OAF_anger_keep,tess_OAF_anger_keep,Say the word laud.
tess_OAF_anger_keg,tess_OAF_anger_keg,Say the word cab.
tess_OAF_anger_kick,tess_OAF_anger_kick,Say the word boat.
tess_OAF_anger_kill,tess_OAF_anger_kill,Say the word voice.
tess_OAF_anger_king,tess_OAF_anger_king,Say the word tire.
tess_OAF_anger_kite,tess_OAF_anger_kite,Say the word mode.
tess_OAF_anger_knock,tess_OAF_anger_knock,Say the word nice.
tess_OAF_anger_late,tess_OAF_anger_late,Say the word juice.
tess_OAF_anger_laud,tess_OAF_anger_laud,Say the word should.
tess_OAF_anger_lean,tess_OAF_anger_lean,Say the word dime.
tess_OAF_anger_learn,tess_OAF_anger_learn,Say the word south.
tess_OAF_anger_lease,tess_OAF_anger_lease,Say the word ripe.
tess_OAF_anger_lid,tess_OAF_anger_lid,Say the word gun.
tess_OAF_anger_life,tess_OAF_anger_life,Say the word cause.
tess_OAF_anger_limb,tess_OAF_anger_limb,Say the word goal.
tess_OAF_anger_live,tess_OAF_anger_live,Say the word doll.
tess_OAF_anger_loaf,tess_OAF_anger_loaf,Say the word limb.
tess_OAF_anger_long,tess_OAF_anger_long,Say the word shirt.
tess_OAF_anger_lore,tess_OAF_anger_lore,Say the word dead.
tess_OAF_anger_lose,tess_OAF_anger_lose,Say the word red.
tess_OAF_anger_lot,tess_OAF_anger_lot,Say the word chair.
tess_OAF_anger_love,tess_OAF_anger_love,Say the word burn.
tess_OAF_anger_luck,tess_OAF_anger_luck,Say the word food.
tess_OAF_anger_make,tess_OAF_anger_make,Say the word choice.
tess_OAF_anger_match,tess_OAF_anger_match,Say the word mess.
tess_OAF_anger_merge,tess_OAF_anger_merge,Say the word make.
tess_OAF_anger_mess,tess_OAF_anger_mess,Say the word sour.
tess_OAF_anger_met,tess_OAF_anger_met,Say the word wheat.
tess_OAF_anger_mill,tess_OAF_anger_mill,Say the word late.
tess_OAF_anger_mob,tess_OAF_anger_mob,Say the word near.
tess_OAF_anger_mode,tess_OAF_anger_mode,Say the word wheat.
tess_OAF_anger_mood,tess_OAF_anger_mood,Say the word ditch.
tess_OAF_anger_moon,tess_OAF_anger_moon,Say the word size.
tess_OAF_anger_mop,tess_OAF_anger_mop,Say the word make.
tess_OAF_anger_mouse,tess_OAF_anger_mouse,Say the word lose.
tess_OAF_anger_nag,tess_OAF_anger_nag,Say the word fail.
tess_OAF_anger_name,tess_OAF_anger_name,Say the word such.
tess_OAF_anger_near,tess_OAF_anger_near,Say the word bought.
tess_OAF_anger_neat,tess_OAF_anger_neat,Say the word rot.
tess_OAF_anger_nice,tess_OAF_anger_nice,Say the word judge.
tess_OAF_anger_note,tess_OAF_anger_note,Say the word fit.
tess_OAF_anger_numb,tess_OAF_anger_numb,Say the word rat.
tess_OAF_anger_pad,tess_OAF_anger_pad,Say the word far.
tess_OAF_anger_page,tess_OAF_anger_page,Say the word keen.
tess_OAF_anger_pain,tess_OAF_anger_pain,Say the word have.
tess_OAF_anger_pass,tess_OAF_anger_pass,Say the word five.
tess_OAF_anger_pearl,tess_OAF_anger_pearl,Say the word talk.
tess_OAF_anger_peg,tess_OAF_anger_peg,Say the word keg.
tess_OAF_anger_perch,tess_OAF_anger_perch,Say the word make.
tess_OAF_anger_phone,tess_OAF_anger_phone,Say the word rag.
tess_OAF_anger_pick,tess_OAF_anger_pick,Say the word book.
tess_OAF_anger_pike,tess_OAF_anger_pike,Say the word tire.
tess_OAF_anger_pole,tess_OAF_anger_pole,Say the word shawl.
tess_OAF_anger_pool,tess_OAF_anger_pool,Say the word hurl.
tess_OAF_anger_puff,tess_OAF_anger_puff,Say the word life.
tess_OAF_anger_rag,tess_OAF_anger_rag,Say the word room.
tess_OAF_anger_raid,tess_OAF_anger_raid,Say the word lore.
tess_OAF_anger_rain,tess_OAF_anger_rain,Say the word pick.
tess_OAF_anger_raise,tess_OAF_anger_raise,Say the word search.
tess_OAF_anger_rat,tess_OAF_anger_rat,Say the word red.
tess_OAF_anger_reach,tess_OAF_anger_reach,Say the word pole.
tess_OAF_anger_read,tess_OAF_anger_read,Say the word red.
tess_OAF_anger_red,tess_OAF_anger_red,Say the word fall.
tess_OAF_anger_ring,tess_OAF_anger_ring,Say the word dodge.
tess_OAF_anger_ripe,tess_OAF_anger_ripe,Say the word laud.
tess_OAF_anger_road,tess_OAF_anger_road,Say the word peg.
tess_OAF_anger_room,tess_OAF_anger_room,Say the word walk.
tess_OAF_anger_rose,tess_OAF_anger_rose,Say the word pole.
tess_OAF_anger_rot,tess_OAF_anger_rot,Say the word lease.
tess_OAF_anger_rough,tess_OAF_anger_rough,Say the word calm.
tess_OAF_anger_rush,tess_OAF_anger_rush,Say the word dime.
tess_OAF_anger_said,tess_OAF_anger_said,Say the word reach.
tess_OAF_anger_sail,tess_OAF_anger_sail,Say the word sell.
tess_OAF_anger_search,tess_OAF_anger_search,Say the word gun.
tess_OAF_anger_seize,tess_OAF_anger_seize,Say the word beg.
tess_OAF_anger_sell,tess_OAF_anger_sell,Say the word burn.
tess_OAF_anger_shack,tess_OAF_anger_shack,Say the word pain.
tess_OAF_anger_shall,tess_OAF_anger_shall,Say the word door.
tess_OAF_anger_shawl,tess_OAF_anger_shawl,Say the word death.
tess_OAF_anger_sheep,tess_OAF_anger_sheep,Say the word room.
tess_OAF_anger_shirt,tess_OAF_anger_shirt,Say the word dip.
tess_OAF_anger_should,tess_OAF_anger_should,Say the word tape.
tess_OAF_anger_shout,tess_OAF_anger_shout,Say the word name.
tess_OAF_anger_size,tess_OAF_anger_size,Say the word young.
tess_OAF_anger_soap,tess_OAF_anger_soap,Say the word lore.
tess_OAF_anger_soup,tess_OAF_anger_soup,Say the word long.
tess_OAF_anger_sour,tess_OAF_anger_sour,Say the word gaze.
tess_OAF_anger_south,tess_OAF_anger_south,Say the word home.
tess_OAF_anger_sub,tess_OAF_anger_sub,Say the word should.
tess_OAF_anger_such,tess_OAF_anger_such,Say the word fall.
tess_OAF_anger_sure,tess_OAF_anger_sure,Say the word make.
tess_OAF_anger_take,tess_OAF_anger_take,Say the word ditch.
tess_OAF_anger_talk,tess_OAF_anger_talk,Say the word pool.
tess_OAF_anger_tape,tess_OAF_anger_tape,Say the word dime.
tess_OAF_anger_team,tess_OAF_anger_team,Say the word thumb.
tess_OAF_anger_tell,tess_OAF_anger_tell,Say the word judge.
tess_OAF_anger_thin,tess_OAF_anger_thin,Say the word mess.
tess_OAF_anger_third,tess_OAF_anger_third,Say the word witch.
tess_OAF_anger_thought,tess_OAF_anger_thought,Say the word mood.
tess_OAF_anger_thumb,tess_OAF_anger_thumb,Say the word pick.
tess_OAF_anger_time,tess_OAF_anger_time,Say the word gas.
tess_OAF_anger_tip,tess_OAF_anger_tip,Say the word merge.
tess_OAF_anger_tire,tess_OAF_anger_tire,Say the word keg.
tess_OAF_anger_ton,tess_OAF_anger_ton,Say the word rose.
tess_OAF_anger_tool,tess_OAF_anger_tool,Say the word shack.
tess_OAF_anger_tough,tess_OAF_anger_tough,Say the word tell.
tess_OAF_anger_turn,tess_OAF_anger_turn,Say the word match.
tess_OAF_anger_vine,tess_OAF_anger_vine,Say the word sheep.
tess_OAF_anger_voice,tess_OAF_anger_voice,Say the word ditch.
tess_OAF_anger_void,tess_OAF_anger_void,Say the word door.
tess_OAF_anger_vote,tess_OAF_anger_vote,Say the word mill.
tess_OAF_anger_wag,tess_OAF_anger_wag,Say the word sheep.
tess_OAF_anger_walk,tess_OAF_anger_walk,Say the word tape.
tess_OAF_anger_wash,tess_OAF_anger_wash,Say the word vine.
tess_OAF_anger_week,tess_OAF_anger_week,Say the word date.
tess_OAF_anger_wheat,tess_OAF_anger_wheat,Say the word sub.
tess_OAF_anger_when,tess_OAF_anger_when,Say the word shirt.
tess_OAF_anger_which,tess_OAF_anger_which,Say the word lid.
tess_OAF_anger_whip,tess_OAF_anger_whip,Say the word week.
tess_OAF_anger_white,tess_OAF_anger_white,Say the word rag.
tess_OAF_anger_wife,tess_OAF_anger_wife,Say the word calm.
tess_OAF_anger_wire,tess_OAF_anger_wire,Say the word door.
tess_OAF_anger_witch,tess_OAF_anger_witch,Say the word note.
tess_OAF_anger_yearn,tess_OAF_anger_yearn,Say the word name.
tess_OAF_anger_yes,tess_OAF_anger_yes,Say the word said.
tess_OAF_anger_young,tess_OAF_anger_young,Say the word should.
tess_OAF_anger_youth,tess_OAF_anger_youth,Say the word mill.
tess_OAF_disgust_back,tess_OAF_disgust_back,Say the word cool.
tess_OAF_disgust_bar,tess_OAF_disgust_bar,Say the word keen.
tess_OAF_disgust_base,tess_OAF_disgust_base,Say the word void.
tess_OAF_disgust_bath,tess_OAF_disgust_bath,Say the word lose.
tess_OAF_disgust_bean,tess_OAF_disgust_bean,Say the word fall.
tess_OAF_disgust_beg,tess_OAF_disgust_beg,Say the word chalk.
tess_OAF_disgust_bite,tess_OAF_disgust_bite,Say the word rose.
tess_OAF_disgust_boat,tess_OAF_disgust_boat,Say the word raid.
tess_OAF_disgust_bone,tess_OAF_disgust_bone,Say the word voice.
tess_OAF_disgust_book,tess_OAF_disgust_book,Say the word week.
tess_OAF_disgust_bought,tess_OAF_disgust_bought,Say the word ring.
tess_OAF_disgust_burn,tess_OAF_disgust_burn,Say the word far.
tess_OAF_disgust_cab,tess_OAF_disgust_cab,Say the word wife.
tess_OAF_disgust_calm,tess_OAF_disgust_calm,Say the word laud.
tess_OAF_disgust_came,tess_OAF_disgust_came,Say the word pad.
tess_OAF_disgust_cause,tess_OAF_disgust_cause,Say the word goose.
tess_OAF_disgust_chain,tess_OAF_disgust_chain,Say the word seize.
tess_OAF_disgust_chair,tess_OAF_disgust_chair,Say the word fat.
tess_OAF_disgust_chalk,tess_OAF_disgust_chalk,Say the word turn.
tess_OAF_disgust_chat,tess_OAF_disgust_chat,Say the word live.
tess_OAF_disgust_check,tess_OAF_disgust_check,Say the word match.
tess_OAF_disgust_cheek,tess_OAF_disgust_cheek,Say the word calm.
tess_OAF_disgust_chief,tess_OAF_disgust_chief,Say the word hire.
tess_OAF_disgust_choice,tess_OAF_disgust_choice,Say the word sure.
tess_OAF_disgust_cool,tess_OAF_disgust_cool,Say the word kill.
tess_OAF_disgust_dab,tess_OAF_disgust_dab,Say the word tip.
tess_OAF_disgust_date,tess_OAF_disgust_date,Say the word jug.
tess_OAF_disgust_dead,tess_OAF_disgust_dead,Say the word rot.
tess_OAF_disgust_death,tess_OAF_disgust_death,Say the word third.
tess_OAF_disgust_deep,tess_OAF_disgust_deep,Say the word team.
tess_OAF_disgust_dime,tess_OAF_disgust_dime,Say the word sell.
tess_OAF_disgust_dip,tess_OAF_disgust_dip,Say the word mouse.
tess_OAF_disgust_ditch,tess_OAF_disgust_ditch,Say the word gin.
tess_OAF_disgust_dodge,tess_OAF_disgust_dodge,Say the word luck.
tess_OAF_disgust_dog,tess_OAF_disgust_dog,Say the word road.
tess_OAF_disgust_doll,tess_OAF_disgust_doll,Say the word bath.
tess_OAF_disgust_door,tess_OAF_disgust_door,Say the word puff.
tess_OAF_disgust_fail,tess_OAF_disgust_fail,Say the word room.
tess_OAF_disgust_fall,tess_OAF_disgust_fall,Say the word tell.
tess_OAF_disgust_far,tess_OAF_disgust_far,Say the word five.
tess_OAF_disgust_fat,tess_OAF_disgust_fat,Say the word tire.
tess_OAF_disgust_fit,tess_OAF_disgust_fit,Say the word wire.
tess_OAF_disgust_five,tess_OAF_disgust_five,Say the word sub.
tess_OAF_disgust_food,tess_OAF_disgust_food,Say the word lore.
tess_OAF_disgust_gap,tess_OAF_disgust_gap,Say the word laud.
tess_OAF_disgust_gas,tess_OAF_disgust_gas,Say the word take.
tess_OAF_disgust_gaze,tess_OAF_disgust_gaze,Say the word love.
tess_OAF_disgust_germ,tess_OAF_disgust_germ,Say the word lose.
tess_OAF_disgust_get,tess_OAF_disgust_get,Say the word mill.
tess_OAF_disgust_gin,tess_OAF_disgust_gin,Say the word when.
tess_OAF_disgust_goal,tess_OAF_disgust_goal,Say the word gas.
tess_OAF_disgust_good,tess_OAF_disgust_good,Say the word home.
tess_OAF_disgust_goose,tess_OAF_disgust_goose,Say the word third.
tess_OAF_disgust_gun,tess_OAF_disgust_gun,Say the word third.
tess_OAF_disgust_half,tess_OAF_disgust_half,Say the word voice.
tess_OAF_disgust_hall,tess_OAF_disgust_hall,Say the word gap.
tess_OAF_disgust_hash,tess_OAF_disgust_hash,Say the word rush.
tess_OAF_disgust_hate,tess_OAF_disgust_hate,Say the word limb.
tess_OAF_disgust_have,tess_OAF_disgust_have,Say the word doll.
tess_OAF_disgust_haze,tess_OAF_disgust_haze,Say the word pain.
tess_OAF_disgust_hire,tess_OAF_disgust_hire,Say the word should.
tess_OAF_disgust_hit,tess_OAF_disgust_hit,Say the word pass.
tess_OAF_disgust_hole,tess_OAF_disgust_hole,Say the word mode.
tess_OAF_disgust_home,tess_OAF_disgust_home,Say the word wire.
tess_OAF_disgust_hurl,tess_OAF_disgust_hurl,Say the word luck.
tess_OAF_disgust_hush,tess_OAF_disgust_hush,Say the word white.
tess_OAF_disgust_jail,tess_OAF_disgust_jail,Say the word neat.
tess_OAF_disgust_jar,tess_OAF_disgust_jar,Say the word soap.
tess_OAF_disgust_join,tess_OAF_disgust_join,Say the word life.
tess_OAF_disgust_judge,tess_OAF_disgust_judge,Say the word dime.
tess_OAF_disgust_jug,tess_OAF_disgust_jug,Say the word learn.
tess_OAF_disgust_juice,tess_OAF_disgust_juice,Say the word nice.
tess_OAF_disgust_keen,tess_OAF_disgust_keen,Say the word five.
tess_OAF_disgust_keep,tess_OAF_disgust_keep,Say the word near.
tess_OAF_disgust_keg,tess_OAF_disgust_keg,Say the word should.
tess_OAF_disgust_kick,tess_OAF_disgust_kick,Say the word should.
tess_OAF_disgust_kill,tess_OAF_disgust_kill,Say the word cool.
tess_OAF_disgust_king,tess_OAF_disgust_king,Say the word third.
tess_OAF_disgust_kite,tess_OAF_disgust_kite,Say the word south.
tess_OAF_disgust_knock,tess_OAF_disgust_knock,Say the word juice.
tess_OAF_disgust_late,tess_OAF_disgust_late,Say the word cab.
tess_OAF_disgust_laud,tess_OAF_disgust_laud,Say the word dime.
tess_OAF_disgust_lean,tess_OAF_disgust_lean,Say the word ditch.
tess_OAF_disgust_learn,tess_OAF_disgust_learn,Say the word yes.
tess_OAF_disgust_lease,tess_OAF_disgust_lease,Say the word bar.
tess_OAF_disgust_lid,tess_OAF_disgust_lid,Say the word gaze.
tess_OAF_disgust_life,tess_OAF_disgust_life,Say the word bean.
tess_OAF_disgust_limb,tess_OAF_disgust_limb,Say the word live.
tess_OAF_disgust_live,tess_OAF_disgust_live,Say the word good.
tess_OAF_disgust_loaf,tess_OAF_disgust_loaf,Say the word lid.
tess_OAF_disgust_long,tess_OAF_disgust_long,Say the word judge.
tess_OAF_disgust_lore,tess_OAF_disgust_lore,Say the word live.
tess_OAF_disgust_lose,tess_OAF_disgust_lose,Say the word hire.
tess_OAF_disgust_lot,tess_OAF_disgust_lot,Say the word merge.
tess_OAF_disgust_love,tess_OAF_disgust_love,Say the word death.
tess_OAF_disgust_luck,tess_OAF_disgust_luck,Say the word tool.
tess_OAF_disgust_make,tess_OAF_disgust_make,Say the word raid.
tess_OAF_disgust_match,tess_OAF_disgust_match,Say the word sheep.
tess_OAF_disgust_merge,tess_OAF_disgust_merge,Say the word rough.
tess_OAF_disgust_mess,tess_OAF_disgust_mess,Say the word should.
tess_OAF_disgust_met,tess_OAF_disgust_met,Say the word check.
tess_OAF_disgust_mill,tess_OAF_disgust_mill,Say the word red.
tess_OAF_disgust_mob,tess_OAF_disgust_mob,Say the word tell.
tess_OAF_disgust_mode,tess_OAF_disgust_mode,Say the word size.
tess_OAF_disgust_mood,tess_OAF_disgust_mood,Say the word perch.
tess_OAF_disgust_moon,tess_OAF_disgust_moon,Say the word bite.
tess_OAF_disgust_mop,tess_OAF_disgust_mop,Say the word jug.
tess_OAF_disgust_mouse,tess_OAF_disgust_mouse,Say the word match.
tess_OAF_disgust_nag,tess_OAF_disgust_nag,Say the word fail.
tess_OAF_disgust_name,tess_OAF_disgust_name,Say the word sub.
tess_OAF_disgust_near,tess_OAF_disgust_near,Say the word hall.
tess_OAF_disgust_neat,tess_OAF_disgust_neat,Say the word should.
tess_OAF_disgust_nice,tess_OAF_disgust_nice,Say the word pick.
tess_OAF_disgust_note,tess_OAF_disgust_note,Say the word juice.
tess_OAF_disgust_numb,tess_OAF_disgust_numb,Say the word hush.
tess_OAF_disgust_pad,tess_OAF_disgust_pad,Say the word sub.
tess_OAF_disgust_page,tess_OAF_disgust_page,Say the word thin.
tess_OAF_disgust_pain,tess_OAF_disgust_pain,Say the word half.
tess_OAF_disgust_pass,tess_OAF_disgust_pass,Say the word pole.
tess_OAF_disgust_pearl,tess_OAF_disgust_pearl,Say the word mill.
tess_OAF_disgust_peg,tess_OAF_disgust_peg,Say the word sub.
tess_OAF_disgust_perch,tess_OAF_disgust_perch,Say the word chief.
tess_OAF_disgust_phone,tess_OAF_disgust_phone,Say the word lean.
tess_OAF_disgust_pick,tess_OAF_disgust_pick,Say the word tip.
tess_OAF_disgust_pike,tess_OAF_disgust_pike,Say the word pearl.
tess_OAF_disgust_pole,tess_OAF_disgust_pole,Say the word back.
tess_OAF_disgust_pool,tess_OAF_disgust_pool,Say the word when.
tess_OAF_disgust_puff,tess_OAF_disgust_puff,Say the word hate.
tess_OAF_disgust_rag,tess_OAF_disgust_rag,Say the word nag.
tess_OAF_disgust_raid,tess_OAF_disgust_raid,Say the word wife.
tess_OAF_disgust_rain,tess_OAF_disgust_rain,Say the word hole.
tess_OAF_disgust_raise,tess_OAF_disgust_raise,Say the word thumb.
tess_OAF_disgust_rat,tess_OAF_disgust_rat,Say the word keg.
tess_OAF_disgust_reach,tess_OAF_disgust_reach,Say the word learn.
tess_OAF_disgust_read,tess_OAF_disgust_read,Say the word raise.
tess_OAF_disgust_red,tess_OAF_disgust_red,Say the word time.
tess_OAF_disgust_ring,tess_OAF_disgust_ring,Say the word page.
tess_OAF_disgust_ripe,tess_OAF_disgust_ripe,Say the word wag.
tess_OAF_disgust_road,tess_OAF_disgust_road,Say the word turn.
tess_OAF_disgust_room,tess_OAF_disgust_room,Say the word page.
tess_OAF_disgust_rose,tess_OAF_disgust_rose,Say the word room.
tess_OAF_disgust_rot,tess_OAF_disgust_rot,Say the word yearn.
tess_OAF_disgust_rough,tess_OAF_disgust_rough,Say the word five.
tess_OAF_disgust_rush,tess_OAF_disgust_rush,Say the word met.
tess_OAF_disgust_said,tess_OAF_disgust_said,Say the word room.
tess_OAF_disgust_sail,tess_OAF_disgust_sail,Say the word should.
tess_OAF_disgust_search,tess_OAF_disgust_search,Say the word rose.
tess_OAF_disgust_seize,tess_OAF_disgust_seize,Say the word death.
tess_OAF_disgust_sell,tess_OAF_disgust_sell,Say the word match.
tess_OAF_disgust_shack,tess_OAF_disgust_shack,Say the word pad.
tess_OAF_disgust_shall,tess_OAF_disgust_shall,Say the word learn.
tess_OAF_disgust_shawl,tess_OAF_disgust_shawl,Say the word rush.
tess_OAF_disgust_sheep,tess_OAF_disgust_sheep,Say the word rose.
tess_OAF_disgust_shirt,tess_OAF_disgust_shirt,Say the word ring.
tess_OAF_disgust_should,tess_OAF_disgust_should,Say the word gaze.
tess_OAF_disgust_shout,tess_OAF_disgust_shout,Say the word search.
tess_OAF_disgust_size,tess_OAF_disgust_size,Say the word lore.
tess_OAF_disgust_soap,tess_OAF_disgust_soap,Say the word road.
tess_OAF_disgust_soup,tess_OAF_disgust_soup,Say the word yes.
tess_OAF_disgust_sour,tess_OAF_disgust_sour,Say the word mill.
tess_OAF_disgust_south,tess_OAF_disgust_south,Say the word sail.
tess_OAF_disgust_sub,tess_OAF_disgust_sub,Say the word knock.
tess_OAF_disgust_such,tess_OAF_disgust_such,Say the word pearl.
tess_OAF_disgust_sure,tess_OAF_disgust_sure,Say the word kite.
tess_OAF_disgust_take,tess_OAF_disgust_take,Say the word keen.
tess_OAF_disgust_talk,tess_OAF_disgust_talk,Say the word book.
tess_OAF_disgust_tape,tess_OAF_disgust_tape,Say the word sail.
tess_OAF_disgust_team,tess_OAF_disgust_team,Say the word lid.
tess_OAF_disgust_tell,tess_OAF_disgust_tell,Say the word lid.
tess_OAF_disgust_thin,tess_OAF_disgust_thin,Say the word met.
tess_OAF_disgust_third,tess_OAF_disgust_third,Say the word rush.
tess_OAF_disgust_thought,tess_OAF_disgust_thought,Say the word lean.
tess_OAF_disgust_thumb,tess_OAF_disgust_thumb,Say the word time.
tess_OAF_disgust_time,tess_OAF_disgust_time,Say the word ton.
tess_OAF_disgust_tip,tess_OAF_disgust_tip,Say the word have.
tess_OAF_disgust_tire,tess_OAF_disgust_tire,Say the word such.
tess_OAF_disgust_ton,tess_OAF_disgust_ton,Say the word loaf.
tess_OAF_disgust_tool,tess_OAF_disgust_tool,Say the word five.
tess_OAF_disgust_tough,tess_OAF_disgust_tough,Say the word jug.
tess_OAF_disgust_turn,tess_OAF_disgust_turn,Say the word wash.
tess_OAF_disgust_vine,tess_OAF_disgust_vine,Say the word mess.
tess_OAF_disgust_voice,tess_OAF_disgust_voice,Say the word pool.
tess_OAF_disgust_void,tess_OAF_disgust_void,Say the word mode.
tess_OAF_disgust_vote,tess_OAF_disgust_vote,Say the word luck.
tess_OAF_disgust_wag,tess_OAF_disgust_wag,Say the word talk.
tess_OAF_disgust_walk,tess_OAF_disgust_walk,Say the word reach.
tess_OAF_disgust_wash,tess_OAF_disgust_wash,Say the word mouse.
tess_OAF_disgust_week,tess_OAF_disgust_week,Say the word keen.
tess_OAF_disgust_wheat,tess_OAF_disgust_wheat,Say the word death.
tess_OAF_disgust_when,tess_OAF_disgust_when,Say the word make.
tess_OAF_disgust_which,tess_OAF_disgust_which,Say the word sour.
tess_OAF_disgust_whip,tess_OAF_disgust_whip,Say the word choice.
tess_OAF_disgust_white,tess_OAF_disgust_white,Say the word lid.
tess_OAF_disgust_wife,tess_OAF_disgust_wife,Say the word read.
tess_OAF_disgust_wire,tess_OAF_disgust_wire,Say the word gaze.
tess_OAF_disgust_witch,tess_OAF_disgust_witch,Say the word tell.
tess_OAF_disgust_yearn,tess_OAF_disgust_yearn,Say the word chain.
tess_OAF_disgust_yes,tess_OAF_disgust_yes,Say the word cool.
tess_OAF_disgust_young,tess_OAF_disgust_young,Say the word pad.
tess_OAF_disgust_youth,tess_OAF_disgust_youth,Say the word wire.
tess_OAF_fear_back,tess_OAF_fear_back,Say the word mob.
tess_OAF_fear_bar,tess_OAF_fear_bar,Say the word rain.
tess_OAF_fear_base,tess_OAF_fear_base,Say the word talk.
tess_OAF_fear_bath,tess_OAF_fear_bath,Say the word death.
tess_OAF_fear_bean,tess_OAF_fear_bean,Say the word walk.
tess_OAF_fear_beg,tess_OAF_fear_beg,Say the word hush.
tess_OAF_fear_bite,tess_OAF_fear_bite,Say the word mouse.
tess_OAF_fear_boat,tess_OAF_fear_boat,Say the word hush.
tess_OAF_fear_bone,tess_OAF_fear_bone,Say the word neat.
tess_OAF_fear_book,tess_OAF_fear_book,Say the word nag.
tess_OAF_fear_bought,tess_OAF_fear_bought,Say the word loaf.
tess_OAF_fear_burn,tess_OAF_fear_burn,Say the word third.
tess_OAF_fear_cab,tess_OAF_fear_cab,Say the word thought.
tess_OAF_fear_calm,tess_OAF_fear_calm,Say the word lid.
tess_OAF_fear_came,tess_OAF_fear_came,Say the word bar.
tess_OAF_fear_cause,tess_OAF_fear_cause,Say the word beg.
tess_OAF_fear_chain,tess_OAF_fear_chain,Say the word pick.
tess_OAF_fear_chair,tess_OAF_fear_chair,Say the word bar.
tess_OAF_fear_chalk,tess_OAF_fear_chalk,Say the word void.
tess_OAF_fear_chat,tess_OAF_fear_chat,Say the word germ.
tess_OAF_fear_check,tess_OAF_fear_check,Say the word fail.
tess_OAF_fear_cheek,tess_OAF_fear_cheek,Say the word page.
tess_OAF_fear_chief,tess_OAF_fear_chief,Say the word haze.
tess_OAF_fear_choice,tess_OAF_fear_choice,Say the word deep.
tess_OAF_fear_cool,tess_OAF_fear_cool,Say the word moon.
tess_OAF_fear_dab,tess_OAF_fear_dab,Say the word rag.
tess_OAF_fear_date,tess_OAF_fear_date,Say the word time.
tess_OAF_fear_dead,tess_OAF_fear_dead,Say the word mouse.
tess_OAF_fear_death,tess_OAF_fear_death,Say the word rat.
tess_OAF_fear_deep,tess_OAF_fear_deep,Say the word wife.
tess_OAF_fear_dime,tess_OAF_fear_dime,Say the word mood.
tess_OAF_fear_dip,tess_OAF_fear_dip,Say the word keg.
tess_OAF_fear_ditch,tess_OAF_fear_ditch,Say the word rough.
tess_OAF_fear_dodge,tess_OAF_fear_dodge,Say the word base.
tess_OAF_fear_dog,tess_OAF_fear_dog,Say the word pole.
tess_OAF_fear_doll,tess_OAF_fear_doll,Say the word pool.
tess_OAF_fear_door,tess_OAF_fear_door,Say the word when.
tess_OAF_fear_fail,tess_OAF_fear_fail,Say the word hush.
tess_OAF_fear_fall,tess_OAF_fear_fall,Say the word pool.
tess_OAF_fear_far,tess_OAF_fear_far,Say the word keg.
tess_OAF_fear_fat,tess_OAF_fear_fat,Say the word peg.
tess_OAF_fear_fit,tess_OAF_fear_fit,Say the word wife.
tess_OAF_fear_five,tess_OAF_fear_five,Say the word wife.
tess_OAF_fear_food,tess_OAF_fear_food,Say the word name.
tess_OAF_fear_gap,tess_OAF_fear_gap,Say the word nice.
tess_OAF_fear_gas,tess_OAF_fear_gas,Say the word yearn.
tess_OAF_fear_gaze,tess_OAF_fear_gaze,Say the word back.
tess_OAF_fear_germ,tess_OAF_fear_germ,Say the word fail.
tess_OAF_fear_get,tess_OAF_fear_get,Say the word fat.
tess_OAF_fear_gin,tess_OAF_fear_gin,Say the word raid.
tess_OAF_fear_goal,tess_OAF_fear_goal,Say the word pearl.
tess_OAF_fear_good,tess_OAF_fear_good,Say the word choice.
tess_OAF_fear_goose,tess_OAF_fear_goose,Say the word bean.
tess_OAF_fear_gun,tess_OAF_fear_gun,Say the word bought.
tess_OAF_fear_half,tess_OAF_fear_half,Say the word yearn.
tess_OAF_fear_hall,tess_OAF_fear_hall,Say the word gas.
tess_OAF_fear_hash,tess_OAF_fear_hash,Say the word take.
tess_OAF_fear_hate,tess_OAF_fear_hate,Say the word rat.
tess_OAF_fear_have,tess_OAF_fear_have,Say the word seize.
tess_OAF_fear_haze,tess_OAF_fear_haze,Say the word tough.
tess_OAF_fear_hire,tess_OAF_fear_hire,Say the word calm.
tess_OAF_fear_hit,tess_OAF_fear_hit,Say the word raid.
tess_OAF_fear_hole,tess_OAF_fear_hole,Say the word size.
tess_OAF_fear_home,tess_OAF_fear_home,Say the word join.
tess_OAF_fear_hurl,tess_OAF_fear_hurl,Say the word perch.
tess_OAF_fear_hush,tess_OAF_fear_hush,Say the word neat.
tess_OAF_fear_jail,tess_OAF_fear_jail,Say the word seize.
tess_OAF_fear_jar,tess_OAF_fear_jar,Say the word wheat.
tess_OAF_fear_join,tess_OAF_fear_join,Say the word third.
tess_OAF_fear_judge,tess_OAF_fear_judge,Say the word read.
tess_OAF_fear_jug,tess_OAF_fear_jug,Say the word should.
tess_OAF_fear_juice,tess_OAF_fear_juice,Say the word pad.
tess_OAF_fear_keen,tess_OAF_fear_keen,Say the word yearn.
tess_OAF_fear_keep,tess_OAF_fear_keep,Say the word nice.
tess_OAF_fear_keg,tess_OAF_fear_keg,Say the word bone.
tess_OAF_fear_kick,tess_OAF_fear_kick,Say the word said.
tess_OAF_fear_kill,tess_OAF_fear_kill,Say the word pearl.
tess_OAF_fear_king,tess_OAF_fear_king,Say the word reach.
tess_OAF_fear_kite,tess_OAF_fear_kite,Say the word beg.
tess_OAF_fear_knock,tess_OAF_fear_knock,Say the word tire.
tess_OAF_fear_late,tess_OAF_fear_late,Say the word germ.
tess_OAF_fear_laud,tess_OAF_fear_laud,Say the word raise.
tess_OAF_fear_lean,tess_OAF_fear_lean,Say the word five.
tess_OAF_fear_learn,tess_OAF_fear_learn,Say the word judge.
tess_OAF_fear_lease,tess_OAF_fear_lease,Say the word limb.
tess_OAF_fear_lid,tess_OAF_fear_lid,Say the word pick.
tess_OAF_fear_life,tess_OAF_fear_life,Say the word white.
tess_OAF_fear_limb,tess_OAF_fear_limb,Say the word mouse.
tess_OAF_fear_live,tess_OAF_fear_live,Say the word dime.
tess_OAF_fear_loaf,tess_OAF_fear_loaf,Say the word hall.
tess_OAF_fear_long,tess_OAF_fear_long,Say the word mill.
tess_OAF_fear_lore,tess_OAF_fear_lore,Say the word laud.
tess_OAF_fear_lose,tess_OAF_fear_lose,Say the word seize.
tess_OAF_fear_lot,tess_OAF_fear_lot,Say the word search.
tess_OAF_fear_love,tess_OAF_fear_love,Say the word mill.
tess_OAF_fear_luck,tess_OAF_fear_luck,Say the word hurl.
tess_OAF_fear_make,tess_OAF_fear_make,Say the word keen.
tess_OAF_fear_match,tess_OAF_fear_match,Say the word pass.
tess_OAF_fear_merge,tess_OAF_fear_merge,Say the word such.
tess_OAF_fear_mess,tess_OAF_fear_mess,Say the word tell.
tess_OAF_fear_met,tess_OAF_fear_met,Say the word moon.
tess_OAF_fear_mill,tess_OAF_fear_mill,Say the word get.
tess_OAF_fear_mob,tess_OAF_fear_mob,Say the word beg.
tess_OAF_fear_mode,tess_OAF_fear_mode,Say the word nag.
tess_OAF_fear_mood,tess_OAF_fear_mood,Say the word sure.
tess_OAF_fear_moon,tess_OAF_fear_moon,Say the word mess.
tess_OAF_fear_mop,tess_OAF_fear_mop,Say the word witch.
tess_OAF_fear_mouse,tess_OAF_fear_mouse,Say the word youth.
tess_OAF_fear_nag,tess_OAF_fear_nag,Say the word mob.
tess_OAF_fear_name,tess_OAF_fear_name,Say the word mess.
tess_OAF_fear_near,tess_OAF_fear_near,Say the word fat.
tess_OAF_fear_neat,tess_OAF_fear_neat,Say the word said.
tess_OAF_fear_nice,tess_OAF_fear_nice,Say the word date.
tess_OAF_fear_note,tess_OAF_fear_note,Say the word cool.
tess_OAF_fear_numb,tess_OAF_fear_numb,Say the word wife.
tess_OAF_fear_pad,tess_OAF_fear_pad,Say the word hush.
tess_OAF_fear_page,tess_OAF_fear_page,Say the word shack.
tess_OAF_fear_pain,tess_OAF_fear_pain,Say the word mouse.
tess_OAF_fear_pass,tess_OAF_fear_pass,Say the word mob.
tess_OAF_fear_pearl,tess_OAF_fear_pearl,Say the word sub.
tess_OAF_fear_peg,tess_OAF_fear_peg,Say the word wash.
tess_OAF_fear_perch,tess_OAF_fear_perch,Say the word such.
tess_OAF_fear_phone,tess_OAF_fear_phone,Say the word which.
tess_OAF_fear_pick,tess_OAF_fear_pick,Say the word yes.
tess_OAF_fear_pike,tess_OAF_fear_pike,Say the word void.
tess_OAF_fear_pole,tess_OAF_fear_pole,Say the word make.
tess_OAF_fear_pool,tess_OAF_fear_pool,Say the word boat.
tess_OAF_fear_puff,tess_OAF_fear_puff,Say the word fail.
tess_OAF_fear_rag,tess_OAF_fear_rag,Say the word wife.
tess_OAF_fear_raid,tess_OAF_fear_raid,Say the word neat.
tess_OAF_fear_rain,tess_OAF_fear_rain,Say the word wheat.
tess_OAF_fear_raise,tess_OAF_fear_raise,Say the word goose.
tess_OAF_fear_rat,tess_OAF_fear_rat,Say the word learn.
tess_OAF_fear_reach,tess_OAF_fear_reach,Say the word talk.
tess_OAF_fear_read,tess_OAF_fear_read,Say the word voice.
tess_OAF_fear_red,tess_OAF_fear_red,Say the word rag.
tess_OAF_fear_ring,tess_OAF_fear_ring,Say the word fall.
tess_OAF_fear_ripe,tess_OAF_fear_ripe,Say the word team.
tess_OAF_fear_road,tess_OAF_fear_road,Say the word rat.
tess_OAF_fear_room,tess_OAF_fear_room,Say the word fail.
tess_OAF_fear_rose,tess_OAF_fear_rose,Say the word tip.
tess_OAF_fear_rot,tess_OAF_fear_rot,Say the word such.
tess_OAF_fear_rough,tess_OAF_fear_rough,Say the word pad.
tess_OAF_fear_rush,tess_OAF_fear_rush,Say the word rag.
tess_OAF_fear_said,tess_OAF_fear_said,Say the word note.
tess_OAF_fear_sail,tess_OAF_fear_sail,Say the word book.
tess_OAF_fear_search,tess_OAF_fear_search,Say the word long.
tess_OAF_fear_seize,tess_OAF_fear_seize,Say the word room.
tess_OAF_fear_sell,tess_OAF_fear_sell,Say the word peg.
tess_OAF_fear_shack,tess_OAF_fear_shack,Say the word pike.
tess_OAF_fear_shall,tess_OAF_fear_shall,Say the word dog.
tess_OAF_fear_shawl,tess_OAF_fear_shawl,Say the word take.
tess_OAF_fear_sheep,tess_OAF_fear_sheep,Say the word puff.
tess_OAF_fear_shirt,tess_OAF_fear_shirt,Say the word yearn.
tess_OAF_fear_should,tess_OAF_fear_should,Say the word fall.
tess_OAF_fear_shout,tess_OAF_fear_shout,Say the word gap.
tess_OAF_fear_size,tess_OAF_fear_size,Say the word neat.
tess_OAF_fear_soap,tess_OAF_fear_soap,Say the word thumb.
tess_OAF_fear_soup,tess_OAF_fear_soup,Say the word numb.
tess_OAF_fear_sour,tess_OAF_fear_sour,Say the word pass.
tess_OAF_fear_south,tess_OAF_fear_south,Say the word yes.
tess_OAF_fear_sub,tess_OAF_fear_sub,Say the word door.
tess_OAF_fear_such,tess_OAF_fear_such,Say the word ditch.
tess_OAF_fear_sure,tess_OAF_fear_sure,Say the word hash.
tess_OAF_fear_take,tess_OAF_fear_take,Say the word loaf.
tess_OAF_fear_talk,tess_OAF_fear_talk,Say the word loaf.
tess_OAF_fear_tape,tess_OAF_fear_tape,Say the word lot.
tess_OAF_fear_team,tess_OAF_fear_team,Say the word boat.
tess_OAF_fear_tell,tess_OAF_fear_tell,Say the word room.
tess_OAF_fear_thin,tess_OAF_fear_thin,Say the word hit.
tess_OAF_fear_third,tess_OAF_fear_third,Say the word jail.
tess_OAF_fear_thought,tess_OAF_fear_thought,Say the word tape.
tess_OAF_fear_thumb,tess_OAF_fear_thumb,Say the word door.
tess_OAF_fear_time,tess_OAF_fear_time,Say the word bought.
tess_OAF_fear_tip,tess_OAF_fear_tip,Say the word book.
tess_OAF_fear_tire,tess_OAF_fear_tire,Say the word juice.
tess_OAF_fear_ton,tess_OAF_fear_ton,Say the word king.
tess_OAF_fear_tool,tess_OAF_fear_tool,Say the word bean.
tess_OAF_fear_tough,tess_OAF_fear_tough,Say the word peg.
tess_OAF_fear_turn,tess_OAF_fear_turn,Say the word ring.
tess_OAF_fear_vine,tess_OAF_fear_vine,Say the word came.
tess_OAF_fear_voice,tess_OAF_fear_voice,Say the word numb.
tess_OAF_fear_void,tess_OAF_fear_void,Say the word whip.
tess_OAF_fear_vote,tess_OAF_fear_vote,Say the word half.
tess_OAF_fear_wag,tess_OAF_fear_wag,Say the word love.
tess_OAF_fear_walk,tess_OAF_fear_walk,Say the word shawl.
tess_OAF_fear_wash,tess_OAF_fear_wash,Say the word rush.
tess_OAF_fear_week,tess_OAF_fear_week,Say the word lid.
tess_OAF_fear_wheat,tess_OAF_fear_wheat,Say the word hole.
tess_OAF_fear_when,tess_OAF_fear_when,Say the word bone.
tess_OAF_fear_which,tess_OAF_fear_which,Say the word fat.
tess_OAF_fear_whip,tess_OAF_fear_whip,Say the word bone.
tess_OAF_fear_white,tess_OAF_fear_white,Say the word take.
tess_OAF_fear_wife,tess_OAF_fear_wife,Say the word cheek.
tess_OAF_fear_wire,tess_OAF_fear_wire,Say the word pole.
tess_OAF_fear_witch,tess_OAF_fear_witch,Say the word young.
tess_OAF_fear_yearn,tess_OAF_fear_yearn,Say the word young.
tess_OAF_fear_yes,tess_OAF_fear_yes,Say the word hush.
tess_OAF_fear_young,tess_OAF_fear_young,Say the word sheep.
tess_OAF_fear_youth,tess_OAF_fear_youth,Say the word jug.
tess_OAF_happiness_back,tess_OAF_happiness_back,Say the word calm.
tess_OAF_happiness_bar,tess_OAF_happiness_bar,Say the word room.
tess_OAF_happiness_base,tess_OAF_happiness_base,Say the word third.
tess_OAF_happiness_bath,tess_OAF_happiness_bath,Say the word hash.
tess_OAF_happiness_bean,tess_OAF_happiness_bean,Say the word walk.
tess_OAF_happiness_beg,tess_OAF_happiness_beg,Say the word fit.
tess_OAF_happiness_bite,tess_OAF_happiness_bite,Say the word dab.
tess_OAF_happiness_boat,tess_OAF_happiness_boat,Say the word mop.
tess_OAF_happiness_bone,tess_OAF_happiness_bone,Say the word tool.
tess_OAF_happiness_book,tess_OAF_happiness_book,Say the word walk.
tess_OAF_happiness_bought,tess_OAF_happiness_bought,Say the word red.
tess_OAF_happiness_burn,tess_OAF_happiness_burn,Say the word cheek.
tess_OAF_happiness_cab,tess_OAF_happiness_cab,Say the word bar.
tess_OAF_happiness_calm,tess_OAF_happiness_calm,Say the word haze.
tess_OAF_happiness_came,tess_OAF_happiness_came,Say the word pass.
tess_OAF_happiness_cause,tess_OAF_happiness_cause,Say the word rush.
tess_OAF_happiness_chain,tess_OAF_happiness_chain,Say the word whip.
tess_OAF_happiness_chair,tess_OAF_happiness_chair,Say the word time.
tess_OAF_happiness_chalk,tess_OAF_happiness_chalk,Say the word met.
tess_OAF_happiness_chat,tess_OAF_happiness_chat,Say the word shawl.
tess_OAF_happiness_check,tess_OAF_happiness_check,Say the word calm.
tess_OAF_happiness_cheek,tess_OAF_happiness_cheek,Say the word raise.
tess_OAF_happiness_chief,tess_OAF_happiness_chief,Say the word merge.
tess_OAF_happiness_choice,tess_OAF_happiness_choice,Say the word judge.
tess_OAF_happiness_cool,tess_OAF_happiness_cool,Say the word have.
tess_OAF_happiness_dab,tess_OAF_happiness_dab,Say the word walk.
tess_OAF_happiness_date,tess_OAF_happiness_date,Say the word lose.
tess_OAF_happiness_dead,tess_OAF_happiness_dead,Say the word mob.
tess_OAF_happiness_death,tess_OAF_happiness_death,Say the word bite.
tess_OAF_happiness_deep,tess_OAF_happiness_deep,Say the word dodge.
tess_OAF_happiness_dime,tess_OAF_happiness_dime,Say the word ring.
tess_OAF_happiness_dip,tess_OAF_happiness_dip,Say the word size.
tess_OAF_happiness_ditch,tess_OAF_happiness_ditch,Say the word doll.
tess_OAF_happiness_dodge,tess_OAF_happiness_dodge,Say the word pole.
tess_OAF_happiness_dog,tess_OAF_happiness_dog,Say the word lid.
tess_OAF_happiness_doll,tess_OAF_happiness_doll,Say the word lease.
tess_OAF_happiness_door,tess_OAF_happiness_door,Say the word haze.
tess_OAF_happiness_fail,tess_OAF_happiness_fail,Say the word walk.
tess_OAF_happiness_fall,tess_OAF_happiness_fall,Say the word lease.
tess_OAF_happiness_far,tess_OAF_happiness_far,Say the word hurl.
tess_OAF_happiness_fat,tess_OAF_happiness_fat,Say the word mop.
tess_OAF_happiness_fit,tess_OAF_happiness_fit,Say the word south.
tess_OAF_happiness_five,tess_OAF_happiness_five,Say the word get.
tess_OAF_happiness_food,tess_OAF_happiness_food,Say the word goal.
tess_OAF_happiness_gap,tess_OAF_happiness_gap,Say the word nice.
tess_OAF_happiness_gas,tess_OAF_happiness_gas,Say the word numb.
tess_OAF_happiness_gaze,tess_OAF_happiness_gaze,Say the word book.
tess_OAF_happiness_germ,tess_OAF_happiness_germ,Say the word goose.
tess_OAF_happiness_get,tess_OAF_happiness_get,Say the word learn.
tess_OAF_happiness_gin,tess_OAF_happiness_gin,Say the word tape.
tess_OAF_happiness_goal,tess_OAF_happiness_goal,Say the word red.
tess_OAF_happiness_good,tess_OAF_happiness_good,Say the word should.
tess_OAF_happiness_goose,tess_OAF_happiness_goose,Say the word reach.
tess_OAF_happiness_gun,tess_OAF_happiness_gun,Say the word gaze.
tess_OAF_happiness_half,tess_OAF_happiness_half,Say the word rush.
tess_OAF_happiness_hall,tess_OAF_happiness_hall,Say the word red.
tess_OAF_happiness_hash,tess_OAF_happiness_hash,Say the word pass.
tess_OAF_happiness_hate,tess_OAF_happiness_hate,Say the word raise.
tess_OAF_happiness_have,tess_OAF_happiness_have,Say the word south.
tess_OAF_happiness_haze,tess_OAF_happiness_haze,Say the word reach.
tess_OAF_happiness_hire,tess_OAF_happiness_hire,Say the word chalk.
tess_OAF_happiness_hit,tess_OAF_happiness_hit,Say the word raid.
tess_OAF_happiness_hole,tess_OAF_happiness_hole,Say the word soup.
tess_OAF_happiness_home,tess_OAF_happiness_home,Say the word sail.
tess_OAF_happiness_hurl,tess_OAF_happiness_hurl,Say the word laud.
tess_OAF_happiness_hush,tess_OAF_happiness_hush,Say the word hate.
tess_OAF_happiness_jail,tess_OAF_happiness_jail,Say the word ditch.
tess_OAF_happiness_jar,tess_OAF_happiness_jar,Say the word week.
tess_OAF_happiness_join,tess_OAF_happiness_join,Say the word witch.
tess_OAF_happiness_judge,tess_OAF_happiness_judge,Say the word merge.
tess_OAF_happiness_jug,tess_OAF_happiness_jug,Say the word search.
tess_OAF_happiness_juice,tess_OAF_happiness_juice,Say the word gas.
tess_OAF_happiness_keen,tess_OAF_happiness_keen,Say the word wire.
tess_OAF_happiness_keep,tess_OAF_happiness_keep,Say the word room.
tess_OAF_happiness_keg,tess_OAF_happiness_keg,Say the word boat.
tess_OAF_happiness_kick,tess_OAF_happiness_kick,Say the word soup.
tess_OAF_happiness_kill,tess_OAF_happiness_kill,Say the word read.
tess_OAF_happiness_king,tess_OAF_happiness_king,Say the word sub.
tess_OAF_happiness_kite,tess_OAF_happiness_kite,Say the word jail.
tess_OAF_happiness_knock,tess_OAF_happiness_knock,Say the word mob.
tess_OAF_happiness_late,tess_OAF_happiness_late,Say the word kick.
tess_OAF_happiness_laud,tess_OAF_happiness_laud,Say the word numb.
tess_OAF_happiness_lean,tess_OAF_happiness_lean,Say the word lot.
tess_OAF_happiness_learn,tess_OAF_happiness_learn,Say the word chain.
tess_OAF_happiness_lease,tess_OAF_happiness_lease,Say the word rat.
tess_OAF_happiness_lid,tess_OAF_happiness_lid,Say the word death.
tess_OAF_happiness_life,tess_OAF_happiness_life,Say the word shall.
tess_OAF_happiness_limb,tess_OAF_happiness_limb,Say the word far.
tess_OAF_happiness_live,tess_OAF_happiness_live,Say the word ring.
tess_OAF_happiness_loaf,tess_OAF_happiness_loaf,Say the word chief.
tess_OAF_happiness_long,tess_OAF_happiness_long,Say the word limb.
tess_OAF_happiness_lore,tess_OAF_happiness_lore,Say the word pass.
tess_OAF_happiness_lose,tess_OAF_happiness_lose,Say the word goose.
tess_OAF_happiness_lot,tess_OAF_happiness_lot,Say the word raid.
tess_OAF_happiness_love,tess_OAF_happiness_love,Say the word dead.
tess_OAF_happiness_luck,tess_OAF_happiness_luck,Say the word bone.
tess_OAF_happiness_make,tess_OAF_happiness_make,Say the word chat.
tess_OAF_happiness_match,tess_OAF_happiness_match,Say the word met.
tess_OAF_happiness_merge,tess_OAF_happiness_merge,Say the word lean.
tess_OAF_happiness_mess,tess_OAF_happiness_mess,Say the word red.
tess_OAF_happiness_met,tess_OAF_happiness_met,Say the word rough.
tess_OAF_happiness_mill,tess_OAF_happiness_mill,Say the word search.
tess_OAF_happiness_mob,tess_OAF_happiness_mob,Say the word bought.
tess_OAF_happiness_mode,tess_OAF_happiness_mode,Say the word void.
tess_OAF_happiness_mood,tess_OAF_happiness_mood,Say the word soap.
tess_OAF_happiness_moon,tess_OAF_happiness_moon,Say the word rat.
tess_OAF_happiness_mop,tess_OAF_happiness_mop,Say the word goal.
tess_OAF_happiness_mouse,tess_OAF_happiness_mouse,Say the word nice.
tess_OAF_happiness_nag,tess_OAF_happiness_nag,Say the word shall.
tess_OAF_happiness_name,tess_OAF_happiness_name,Say the word youth.
tess_OAF_happiness_near,tess_OAF_happiness_near,Say the word live.
tess_OAF_happiness_neat,tess_OAF_happiness_neat,Say the word red.
tess_OAF_happiness_nice,tess_OAF_happiness_nice,Say the word dog.
tess_OAF_happiness_note,tess_OAF_happiness_note,Say the word hire.
tess_OAF_happiness_numb,tess_OAF_happiness_numb,Say the word soup.
tess_OAF_happiness_pad,tess_OAF_happiness_pad,Say the word luck.
tess_OAF_happiness_page,tess_OAF_happiness_page,Say the word fall.
tess_OAF_happiness_pain,tess_OAF_happiness_pain,Say the word cheek.
tess_OAF_happiness_pass,tess_OAF_happiness_pass,Say the word kick.
tess_OAF_happiness_pearl,tess_OAF_happiness_pearl,Say the word calm.
tess_OAF_happiness_peg,tess_OAF_happiness_peg,Say the word kite.
tess_OAF_happiness_perch,tess_OAF_happiness_perch,Say the word cool.
tess_OAF_happiness_phone,tess_OAF_happiness_phone,Say the word yearn.
tess_OAF_happiness_pick,tess_OAF_happiness_pick,Say the word met.
tess_OAF_happiness_pike,tess_OAF_happiness_pike,Say the word when.
tess_OAF_happiness_pole,tess_OAF_happiness_pole,Say the word wag.
tess_OAF_happiness_pool,tess_OAF_happiness_pool,Say the word dodge.
tess_OAF_happiness_puff,tess_OAF_happiness_puff,Say the word tip.
tess_OAF_happiness_rag,tess_OAF_happiness_rag,Say the word bath.
tess_OAF_happiness_raid,tess_OAF_happiness_raid,Say the word cab.
tess_OAF_happiness_rain,tess_OAF_happiness_rain,Say the word room.
tess_OAF_happiness_raise,tess_OAF_happiness_raise,Say the word pass.
tess_OAF_happiness_rat,tess_OAF_happiness_rat,Say the word kite.
tess_OAF_happiness_reach,tess_OAF_happiness_reach,Say the word cause.
tess_OAF_happiness_read,tess_OAF_happiness_read,Say the word talk.
tess_OAF_happiness_red,tess_OAF_happiness_red,Say the word limb.
tess_OAF_happiness_ring,tess_OAF_happiness_ring,Say the word gap.
tess_OAF_happiness_ripe,tess_OAF_happiness_ripe,Say the word should.
tess_OAF_happiness_road,tess_OAF_happiness_road,Say the word hate.
tess_OAF_happiness_room,tess_OAF_happiness_room,Say the word cheek.
tess_OAF_happiness_rose,tess_OAF_happiness_rose,Say the word soup.
tess_OAF_happiness_rot,tess_OAF_happiness_rot,Say the word when.
tess_OAF_happiness_rough,tess_OAF_happiness_rough,Say the word hire.
tess_OAF_happiness_rush,tess_OAF_happiness_rush,Say the word void.
tess_OAF_happiness_said,tess_OAF_happiness_said,Say the word time.
tess_OAF_happiness_sail,tess_OAF_happiness_sail,Say the word keep.
tess_OAF_happiness_search,tess_OAF_happiness_search,Say the word luck.
tess_OAF_happiness_seize,tess_OAF_happiness_seize,Say the word keen.
tess_OAF_happiness_sell,tess_OAF_happiness_sell,Say the word cab.
tess_OAF_happiness_shack,tess_OAF_happiness_shack,Say the word cheek.
tess_OAF_happiness_shall,tess_OAF_happiness_shall,Say the word gas.
tess_OAF_happiness_shawl,tess_OAF_happiness_shawl,Say the word tough.
tess_OAF_happiness_sheep,tess_OAF_happiness_sheep,Say the word room.
tess_OAF_happiness_shirt,tess_OAF_happiness_shirt,Say the word raise.
tess_OAF_happiness_should,tess_OAF_happiness_should,Say the word keep.
tess_OAF_happiness_shout,tess_OAF_happiness_shout,Say the word tire.
tess_OAF_happiness_size,tess_OAF_happiness_size,Say the word choice.
tess_OAF_happiness_soap,tess_OAF_happiness_soap,Say the word ditch.
tess_OAF_happiness_soup,tess_OAF_happiness_soup,Say the word kite.
tess_OAF_happiness_sour,tess_OAF_happiness_sour,Say the word tire.
tess_OAF_happiness_south,tess_OAF_happiness_south,Say the word talk.
tess_OAF_happiness_sub,tess_OAF_happiness_sub,Say the word puff.
tess_OAF_happiness_such,tess_OAF_happiness_such,Say the word jail.
tess_OAF_happiness_sure,tess_OAF_happiness_sure,Say the word cool.
tess_OAF_happiness_take,tess_OAF_happiness_take,Say the word knock.
tess_OAF_happiness_talk,tess_OAF_happiness_talk,Say the word back.
tess_OAF_happiness_tape,tess_OAF_happiness_tape,Say the word sell.
tess_OAF_happiness_team,tess_OAF_happiness_team,Say the word calm.
tess_OAF_happiness_tell,tess_OAF_happiness_tell,Say the word yearn.
tess_OAF_happiness_thin,tess_OAF_happiness_thin,Say the word bone.
tess_OAF_happiness_third,tess_OAF_happiness_third,Say the word when.
tess_OAF_happiness_thought,tess_OAF_happiness_thought,Say the word sail.
tess_OAF_happiness_thumb,tess_OAF_happiness_thumb,Say the word laud.
tess_OAF_happiness_time,tess_OAF_happiness_time,Say the word room.
tess_OAF_happiness_tip,tess_OAF_happiness_tip,Say the word should.
tess_OAF_happiness_tire,tess_OAF_happiness_tire,Say the word laud.
tess_OAF_happiness_ton,tess_OAF_happiness_ton,Say the word thought.
tess_OAF_happiness_tool,tess_OAF_happiness_tool,Say the word peg.
tess_OAF_happiness_tough,tess_OAF_happiness_tough,Say the word ripe.
tess_OAF_happiness_turn,tess_OAF_happiness_turn,Say the word such.
tess_OAF_happiness_vine,tess_OAF_happiness_vine,Say the word sub.
tess_OAF_happiness_voice,tess_OAF_happiness_voice,Say the word lid.
tess_OAF_happiness_void,tess_OAF_happiness_void,Say the word bath.
tess_OAF_happiness_vote,tess_OAF_happiness_vote,Say the word dead.
tess_OAF_happiness_wag,tess_OAF_happiness_wag,Say the word third.
tess_OAF_happiness_walk,tess_OAF_happiness_walk,Say the word death.
tess_OAF_happiness_wash,tess_OAF_happiness_wash,Say the word make.
tess_OAF_happiness_week,tess_OAF_happiness_week,Say the word lose.
tess_OAF_happiness_wheat,tess_OAF_happiness_wheat,Say the word talk.
tess_OAF_happiness_when,tess_OAF_happiness_when,Say the word near.
tess_OAF_happiness_which,tess_OAF_happiness_which,Say the word bought.
tess_OAF_happiness_whip,tess_OAF_happiness_whip,Say the word raise.
tess_OAF_happiness_white,tess_OAF_happiness_white,Say the word pad.
tess_OAF_happiness_wife,tess_OAF_happiness_wife,Say the word name.
tess_OAF_happiness_wire,tess_OAF_happiness_wire,Say the word mouse.
tess_OAF_happiness_witch,tess_OAF_happiness_witch,Say the word thumb.
tess_OAF_happiness_yearn,tess_OAF_happiness_yearn,Say the word shirt.
tess_OAF_happiness_yes,tess_OAF_happiness_yes,Say the word get.
tess_OAF_happiness_young,tess_OAF_happiness_young,Say the word wag.
tess_OAF_happiness_youth,tess_OAF_happiness_youth,Say the word talk.
tess_OAF_neutral_back,tess_OAF_neutral_back,Say the word came.
tess_OAF_neutral_bar,tess_OAF_neutral_bar,Say the word mob.
tess_OAF_neutral_base,tess_OAF_neutral_base,Say the word lid.
tess_OAF_neutral_bath,tess_OAF_neutral_bath,Say the word bean.
tess_OAF_neutral_bean,tess_OAF_neutral_bean,Say the word young.
tess_OAF_neutral_beg,tess_OAF_neutral_beg,Say the word moon.
tess_OAF_neutral_bite,tess_OAF_neutral_bite,Say the word pool.
tess_OAF_neutral_boat,tess_OAF_neutral_boat,Say the word rat.
tess_OAF_neutral_bone,tess_OAF_neutral_bone,Say the word tough.
tess_OAF_neutral_book,tess_OAF_neutral_book,Say the word back.
tess_OAF_neutral_bought,tess_OAF_neutral_bought,Say the word met.
tess_OAF_neutral_burn,tess_OAF_neutral_burn,Say the word near.
tess_OAF_neutral_cab,tess_OAF_neutral_cab,Say the word choice.
tess_OAF_neutral_calm,tess_OAF_neutral_calm,Say the word thin.
tess_OAF_neutral_came,tess_OAF_neutral_came,Say the word met.
tess_OAF_neutral_cause,tess_OAF_neutral_cause,Say the word nice.
tess_OAF_neutral_chain,tess_OAF_neutral_chain,Say the word late.
tess_OAF_neutral_chair,tess_OAF_neutral_chair,Say the word laud.
tess_OAF_neutral_chalk,tess_OAF_neutral_chalk,Say the word knock.
tess_OAF_neutral_chat,tess_OAF_neutral_chat,Say the word mouse.
tess_OAF_neutral_check,tess_OAF_neutral_check,Say the word pearl.
tess_OAF_neutral_cheek,tess_OAF_neutral_cheek,Say the word yes.
tess_OAF_neutral_chief,tess_OAF_neutral_chief,Say the word which.
tess_OAF_neutral_choice,tess_OAF_neutral_choice,Say the word rot.
tess_OAF_neutral_cool,tess_OAF_neutral_cool,Say the word dog.
tess_OAF_neutral_dab,tess_OAF_neutral_dab,Say the word wheat.
tess_OAF_neutral_date,tess_OAF_neutral_date,Say the word lid.
tess_OAF_neutral_dead,tess_OAF_neutral_dead,Say the word match.
tess_OAF_neutral_death,tess_OAF_neutral_death,Say the word base.
tess_OAF_neutral_deep,tess_OAF_neutral_deep,Say the word rough.
tess_OAF_neutral_dime,tess_OAF_neutral_dime,Say the word rose.
tess_OAF_neutral_dip,tess_OAF_neutral_dip,Say the word calm.
tess_OAF_neutral_ditch,tess_OAF_neutral_ditch,Say the word deep.
tess_OAF_neutral_dodge,tess_OAF_neutral_dodge,Say the word bone.
tess_OAF_neutral_dog,tess_OAF_neutral_dog,Say the word ring.
tess_OAF_neutral_doll,tess_OAF_neutral_doll,Say the word mouse.
tess_OAF_neutral_door,tess_OAF_neutral_door,Say the word jar.
tess_OAF_neutral_fail,tess_OAF_neutral_fail,Say the word have.
tess_OAF_neutral_fall,tess_OAF_neutral_fall,Say the word team.
tess_OAF_neutral_far,tess_OAF_neutral_far,Say the word lose.
tess_OAF_neutral_fat,tess_OAF_neutral_fat,Say the word tell.
tess_OAF_neutral_fit,tess_OAF_neutral_fit,Say the word sell.
tess_OAF_neutral_five,tess_OAF_neutral_five,Say the word jar.
tess_OAF_neutral_food,tess_OAF_neutral_food,Say the word ripe.
tess_OAF_neutral_gap,tess_OAF_neutral_gap,Say the word raise.
tess_OAF_neutral_gas,tess_OAF_neutral_gas,Say the word mill.
tess_OAF_neutral_gaze,tess_OAF_neutral_gaze,Say the word sure.
tess_OAF_neutral_germ,tess_OAF_neutral_germ,Say the word walk.
tess_OAF_neutral_get,tess_OAF_neutral_get,Say the word keep.
tess_OAF_neutral_gin,tess_OAF_neutral_gin,Say the word germ.
tess_OAF_neutral_goal,tess_OAF_neutral_goal,Say the word note.
tess_OAF_neutral_good,tess_OAF_neutral_good,Say the word numb.
tess_OAF_neutral_goose,tess_OAF_neutral_goose,Say the word hush.
tess_OAF_neutral_gun,tess_OAF_neutral_gun,Say the word soap.
tess_OAF_neutral_half,tess_OAF_neutral_half,Say the word cheek.
tess_OAF_neutral_hall,tess_OAF_neutral_hall,Say the word make.
tess_OAF_neutral_hash,tess_OAF_neutral_hash,Say the word keen.
tess_OAF_neutral_hate,tess_OAF_neutral_hate,Say the word kill.
tess_OAF_neutral_have,tess_OAF_neutral_have,Say the word raise.
tess_OAF_neutral_haze,tess_OAF_neutral_haze,Say the word ripe.
tess_OAF_neutral_hire,tess_OAF_neutral_hire,Say the word merge.
tess_OAF_neutral_hit,tess_OAF_neutral_hit,Say the word laud.
tess_OAF_neutral_hole,tess_OAF_neutral_hole,Say the word young.
tess_OAF_neutral_home,tess_OAF_neutral_home,Say the word germ.
tess_OAF_neutral_hurl,tess_OAF_neutral_hurl,Say the word cheek.
tess_OAF_neutral_hush,tess_OAF_neutral_hush,Say the word mop.
tess_OAF_neutral_jail,tess_OAF_neutral_jail,Say the word red.
tess_OAF_neutral_jar,tess_OAF_neutral_jar,Say the word phone.
tess_OAF_neutral_join,tess_OAF_neutral_join,Say the word cause.
tess_OAF_neutral_judge,tess_OAF_neutral_judge,Say the word hash.
tess_OAF_neutral_jug,tess_OAF_neutral_jug,Say the word death.
tess_OAF_neutral_juice,tess_OAF_neutral_juice,Say the word mouse.
tess_OAF_neutral_keen,tess_OAF_neutral_keen,Say the word cause.
tess_OAF_neutral_keep,tess_OAF_neutral_keep,Say the word south.
tess_OAF_neutral_keg,tess_OAF_neutral_keg,Say the word half.
tess_OAF_neutral_kick,tess_OAF_neutral_kick,Say the word hurl.
tess_OAF_neutral_kill,tess_OAF_neutral_kill,Say the word gaze.
tess_OAF_neutral_king,tess_OAF_neutral_king,Say the word reach.
tess_OAF_neutral_kite,tess_OAF_neutral_kite,Say the word dip.
tess_OAF_neutral_knock,tess_OAF_neutral_knock,Say the word lore.
tess_OAF_neutral_late,tess_OAF_neutral_late,Say the word take.
tess_OAF_neutral_laud,tess_OAF_neutral_laud,Say the word puff.
tess_OAF_neutral_lean,tess_OAF_neutral_lean,Say the word tell.
tess_OAF_neutral_learn,tess_OAF_neutral_learn,Say the word goose.
tess_OAF_neutral_lease,tess_OAF_neutral_lease,Say the word boat.
tess_OAF_neutral_lid,tess_OAF_neutral_lid,Say the word witch.
tess_OAF_neutral_life,tess_OAF_neutral_life,Say the word tape.
tess_OAF_neutral_limb,tess_OAF_neutral_limb,Say the word lose.
tess_OAF_neutral_live,tess_OAF_neutral_live,Say the word wire.
tess_OAF_neutral_loaf,tess_OAF_neutral_loaf,Say the word shirt.
tess_OAF_neutral_long,tess_OAF_neutral_long,Say the word tell.
tess_OAF_neutral_lore,tess_OAF_neutral_lore,Say the word bar.
tess_OAF_neutral_lose,tess_OAF_neutral_lose,Say the word rot.
tess_OAF_neutral_lot,tess_OAF_neutral_lot,Say the word pain.
tess_OAF_neutral_love,tess_OAF_neutral_love,Say the word walk.
tess_OAF_neutral_luck,tess_OAF_neutral_luck,Say the word shout.
tess_OAF_neutral_make,tess_OAF_neutral_make,Say the word dodge.
tess_OAF_neutral_match,tess_OAF_neutral_match,Say the word shack.
tess_OAF_neutral_merge,tess_OAF_neutral_merge,Say the word red.
tess_OAF_neutral_mess,tess_OAF_neutral_mess,Say the word keep.
tess_OAF_neutral_met,tess_OAF_neutral_met,Say the word such.
tess_OAF_neutral_mill,tess_OAF_neutral_mill,Say the word search.
tess_OAF_neutral_mob,tess_OAF_neutral_mob,Say the word shall.
tess_OAF_neutral_mode,tess_OAF_neutral_mode,Say the word chalk.
tess_OAF_neutral_mood,tess_OAF_neutral_mood,Say the word week.
tess_OAF_neutral_moon,tess_OAF_neutral_moon,Say the word road.
tess_OAF_neutral_mop,tess_OAF_neutral_mop,Say the word came.
tess_OAF_neutral_mouse,tess_OAF_neutral_mouse,Say the word pearl.
tess_OAF_neutral_nag,tess_OAF_neutral_nag,Say the word mouse.
tess_OAF_neutral_name,tess_OAF_neutral_name,Say the word mill.
tess_OAF_neutral_near,tess_OAF_neutral_near,Say the word kick.
tess_OAF_neutral_neat,tess_OAF_neutral_neat,Say the word dime.
tess_OAF_neutral_nice,tess_OAF_neutral_nice,Say the word rose.
tess_OAF_neutral_note,tess_OAF_neutral_note,Say the word hush.
tess_OAF_neutral_numb,tess_OAF_neutral_numb,Say the word knock.
tess_OAF_neutral_pad,tess_OAF_neutral_pad,Say the word wire.
tess_OAF_neutral_page,tess_OAF_neutral_page,Say the word shout.
tess_OAF_neutral_pain,tess_OAF_neutral_pain,Say the word chain.
tess_OAF_neutral_pass,tess_OAF_neutral_pass,Say the word base.
tess_OAF_neutral_pearl,tess_OAF_neutral_pearl,Say the word said.
tess_OAF_neutral_peg,tess_OAF_neutral_peg,Say the word shall.
tess_OAF_neutral_perch,tess_OAF_neutral_perch,Say the word soup.
tess_OAF_neutral_phone,tess_OAF_neutral_phone,Say the word gap.
tess_OAF_neutral_pick,tess_OAF_neutral_pick,Say the word gin.
tess_OAF_neutral_pike,tess_OAF_neutral_pike,Say the word rat.
tess_OAF_neutral_pole,tess_OAF_neutral_pole,Say the word yes.
tess_OAF_neutral_pool,tess_OAF_neutral_pool,Say the word wife.
tess_OAF_neutral_puff,tess_OAF_neutral_puff,Say the word germ.
tess_OAF_neutral_rag,tess_OAF_neutral_rag,Say the word soup.
tess_OAF_neutral_raid,tess_OAF_neutral_raid,Say the word road.
tess_OAF_neutral_rain,tess_OAF_neutral_rain,Say the word base.
tess_OAF_neutral_raise,tess_OAF_neutral_raise,Say the word deep.
tess_OAF_neutral_rat,tess_OAF_neutral_rat,Say the word tough.
tess_OAF_neutral_reach,tess_OAF_neutral_reach,Say the word rag.
tess_OAF_neutral_read,tess_OAF_neutral_read,Say the word late.
tess_OAF_neutral_red,tess_OAF_neutral_red,Say the word south.
tess_OAF_neutral_ring,tess_OAF_neutral_ring,Say the word germ.
tess_OAF_neutral_ripe,tess_OAF_neutral_ripe,Say the word thumb.
tess_OAF_neutral_road,tess_OAF_neutral_road,Say the word join.
tess_OAF_neutral_room,tess_OAF_neutral_room,Say the word seize.
tess_OAF_neutral_rose,tess_OAF_neutral_rose,Say the word fail.
tess_OAF_neutral_rot,tess_OAF_neutral_rot,Say the word said.
tess_OAF_neutral_rough,tess_OAF_neutral_rough,Say the word perch.
tess_OAF_neutral_rush,tess_OAF_neutral_rush,Say the word book.
tess_OAF_neutral_said,tess_OAF_neutral_said,Say the word rag.
tess_OAF_neutral_sail,tess_OAF_neutral_sail,Say the word pick.
tess_OAF_neutral_search,tess_OAF_neutral_search,Say the word tape.
tess_OAF_neutral_seize,tess_OAF_neutral_seize,Say the word goose.
tess_OAF_neutral_sell,tess_OAF_neutral_sell,Say the word rough.
tess_OAF_neutral_shack,tess_OAF_neutral_shack,Say the word make.
tess_OAF_neutral_shall,tess_OAF_neutral_shall,Say the word pick.
tess_OAF_neutral_shawl,tess_OAF_neutral_shawl,Say the word ring.
tess_OAF_neutral_sheep,tess_OAF_neutral_sheep,Say the word bone.
tess_OAF_neutral_shirt,tess_OAF_neutral_shirt,Say the word hole.
tess_OAF_neutral_should,tess_OAF_neutral_should,Say the word limb.
tess_OAF_neutral_shout,tess_OAF_neutral_shout,Say the word pass.
tess_OAF_neutral_size,tess_OAF_neutral_size,Say the word have.
tess_OAF_neutral_soap,tess_OAF_neutral_soap,Say the word pool.
tess_OAF_neutral_soup,tess_OAF_neutral_soup,Say the word ring.
tess_OAF_neutral_sour,tess_OAF_neutral_sour,Say the word luck.
tess_OAF_neutral_south,tess_OAF_neutral_south,Say the word shawl.
tess_OAF_neutral_sub,tess_OAF_neutral_sub,Say the word vote.
tess_OAF_neutral_such,tess_OAF_neutral_such,Say the word hole.
tess_OAF_neutral_sure,tess_OAF_neutral_sure,Say the word dog.
tess_OAF_neutral_take,tess_OAF_neutral_take,Say the word cheek.
tess_OAF_neutral_talk,tess_OAF_neutral_talk,Say the word ring.
tess_OAF_neutral_tape,tess_OAF_neutral_tape,Say the word door.
tess_OAF_neutral_team,tess_OAF_neutral_team,Say the word pass.
tess_OAF_neutral_tell,tess_OAF_neutral_tell,Say the word mouse.
tess_OAF_neutral_thin,tess_OAF_neutral_thin,Say the word fit.
tess_OAF_neutral_third,tess_OAF_neutral_third,Say the word hash.
tess_OAF_neutral_thought,tess_OAF_neutral_thought,Say the word vine.
tess_OAF_neutral_thumb,tess_OAF_neutral_thumb,Say the word south.
tess_OAF_neutral_time,tess_OAF_neutral_time,Say the word hash.
tess_OAF_neutral_tip,tess_OAF_neutral_tip,Say the word burn.
tess_OAF_neutral_tire,tess_OAF_neutral_tire,Say the word void.
tess_OAF_neutral_ton,tess_OAF_neutral_ton,Say the word seize.
tess_OAF_neutral_tool,tess_OAF_neutral_tool,Say the word dog.
tess_OAF_neutral_tough,tess_OAF_neutral_tough,Say the word bone.
tess_OAF_neutral_turn,tess_OAF_neutral_turn,Say the word near.
tess_OAF_neutral_vine,tess_OAF_neutral_vine,Say the word pad.
tess_OAF_neutral_voice,tess_OAF_neutral_voice,Say the word death.
tess_OAF_neutral_void,tess_OAF_neutral_void,Say the word sail.
tess_OAF_neutral_vote,tess_OAF_neutral_vote,Say the word pad.
tess_OAF_neutral_wag,tess_OAF_neutral_wag,Say the word fall.
tess_OAF_neutral_walk,tess_OAF_neutral_walk,Say the word vote.
tess_OAF_neutral_wash,tess_OAF_neutral_wash,Say the word back.
tess_OAF_neutral_week,tess_OAF_neutral_week,Say the word rough.
tess_OAF_neutral_wheat,tess_OAF_neutral_wheat,Say the word tire.
tess_OAF_neutral_when,tess_OAF_neutral_when,Say the word name.
tess_OAF_neutral_which,tess_OAF_neutral_which,Say the word fit.
tess_OAF_neutral_whip,tess_OAF_neutral_whip,Say the word wash.
tess_OAF_neutral_white,tess_OAF_neutral_white,Say the word rain.
tess_OAF_neutral_wife,tess_OAF_neutral_wife,Say the word ring.
tess_OAF_neutral_wire,tess_OAF_neutral_wire,Say the word team.
tess_OAF_neutral_witch,tess_OAF_neutral_witch,Say the word bar.
tess_OAF_neutral_yearn,tess_OAF_neutral_yearn,Say the word should.
tess_OAF_neutral_yes,tess_OAF_neutral_yes,Say the word pass.
tess_OAF_neutral_young,tess_OAF_neutral_young,Say the word moon.
tess_OAF_neutral_youth,tess_OAF_neutral_youth,Say the word which.
tess_OAF_pleasant-surprise_back,tess_OAF_pleasant-surprise_back,Say the word calm.
tess_OAF_pleasant-surprise_bar,tess_OAF_pleasant-surprise_bar,Say the word kite.
tess_OAF_pleasant-surprise_base,tess_OAF_pleasant-surprise_base,Say the word wife.
tess_OAF_pleasant-surprise_bath,tess_OAF_pleasant-surprise_bath,Say the word mood.
tess_OAF_pleasant-surprise_bean,tess_OAF_pleasant-surprise_bean,Say the word merge.
tess_OAF_pleasant-surprise_beg,tess_OAF_pleasant-surprise_beg,Say the word kick.
tess_OAF_pleasant-surprise_bite,tess_OAF_pleasant-surprise_bite,Say the word vine.
tess_OAF_pleasant-surprise_boat,tess_OAF_pleasant-surprise_boat,Say the word sure.
tess_OAF_pleasant-surprise_bone,tess_OAF_pleasant-surprise_bone,Say the word judge.
tess_OAF_pleasant-surprise_book,tess_OAF_pleasant-surprise_book,Say the word get.
tess_OAF_pleasant-surprise_bought,tess_OAF_pleasant-surprise_bought,Say the word rose.
tess_OAF_pleasant-surprise_burn,tess_OAF_pleasant-surprise_burn,Say the word lease.
tess_OAF_pleasant-surprise_cab,tess_OAF_pleasant-surprise_cab,Say the word puff.
tess_OAF_pleasant-surprise_calm,tess_OAF_pleasant-surprise_calm,Say the word get.
tess_OAF_pleasant-surprise_came,tess_OAF_pleasant-surprise_came,Say the word goose.
tess_OAF_pleasant-surprise_cause,tess_OAF_pleasant-surprise_cause,Say the word laud.
tess_OAF_pleasant-surprise_chain,tess_OAF_pleasant-surprise_chain,Say the word love.
tess_OAF_pleasant-surprise_chair,tess_OAF_pleasant-surprise_chair,Say the word rot.
tess_OAF_pleasant-surprise_chalk,tess_OAF_pleasant-surprise_chalk,Say the word learn.
tess_OAF_pleasant-surprise_chat,tess_OAF_pleasant-surprise_chat,Say the word time.
tess_OAF_pleasant-surprise_check,tess_OAF_pleasant-surprise_check,Say the word back.
tess_OAF_pleasant-surprise_cheek,tess_OAF_pleasant-surprise_cheek,Say the word chair.
tess_OAF_pleasant-surprise_chief,tess_OAF_pleasant-surprise_chief,Say the word cause.
tess_OAF_pleasant-surprise_choice,tess_OAF_pleasant-surprise_choice,Say the word match.
tess_OAF_pleasant-surprise_cool,tess_OAF_pleasant-surprise_cool,Say the word such.
tess_OAF_pleasant-surprise_dab,tess_OAF_pleasant-surprise_dab,Say the word read.
tess_OAF_pleasant-surprise_date,tess_OAF_pleasant-surprise_date,Say the word fit.
tess_OAF_pleasant-surprise_dead,tess_OAF_pleasant-surprise_dead,Say the word nag.
tess_OAF_pleasant-surprise_death,tess_OAF_pleasant-surprise_death,Say the word wife.
tess_OAF_pleasant-surprise_deep,tess_OAF_pleasant-surprise_deep,Say the word bought.
tess_OAF_pleasant-surprise_dime,tess_OAF_pleasant-surprise_dime,Say the word gap.
tess_OAF_pleasant-surprise_dip,tess_OAF_pleasant-surprise_dip,Say the word numb.
tess_OAF_pleasant-surprise_ditch,tess_OAF_pleasant-surprise_ditch,Say the word choice.
tess_OAF_pleasant-surprise_dodge,tess_OAF_pleasant-surprise_dodge,Say the word tape.
tess_OAF_pleasant-surprise_dog,tess_OAF_pleasant-surprise_dog,Say the word thin.
tess_OAF_pleasant-surprise_doll,tess_OAF_pleasant-surprise_doll,Say the word soup.
tess_OAF_pleasant-surprise_door,tess_OAF_pleasant-surprise_door,Say the word lore.
tess_OAF_pleasant-surprise_fail,tess_OAF_pleasant-surprise_fail,Say the word gin.
tess_OAF_pleasant-surprise_fall,tess_OAF_pleasant-surprise_fall,Say the word lose.
tess_OAF_pleasant-surprise_far,tess_OAF_pleasant-surprise_far,Say the word lose.
tess_OAF_pleasant-surprise_fat,tess_OAF_pleasant-surprise_fat,Say the word chair.
tess_OAF_pleasant-surprise_fit,tess_OAF_pleasant-surprise_fit,Say the word mode.
tess_OAF_pleasant-surprise_five,tess_OAF_pleasant-surprise_five,Say the word sour.
tess_OAF_pleasant-surprise_food,tess_OAF_pleasant-surprise_food,Say the word laud.
tess_OAF_pleasant-surprise_gap,tess_OAF_pleasant-surprise_gap,Say the word fat.
tess_OAF_pleasant-surprise_gas,tess_OAF_pleasant-surprise_gas,Say the word hall.
tess_OAF_pleasant-surprise_gaze,tess_OAF_pleasant-surprise_gaze,Say the word perch.
tess_OAF_pleasant-surprise_germ,tess_OAF_pleasant-surprise_germ,Say the word talk.
tess_OAF_pleasant-surprise_get,tess_OAF_pleasant-surprise_get,Say the word dip.
tess_OAF_pleasant-surprise_gin,tess_OAF_pleasant-surprise_gin,Say the word which.
tess_OAF_pleasant-surprise_goal,tess_OAF_pleasant-surprise_goal,Say the word nag.
tess_OAF_pleasant-surprise_good,tess_OAF_pleasant-surprise_good,Say the word deep.
tess_OAF_pleasant-surprise_goose,tess_OAF_pleasant-surprise_goose,Say the word fit.
tess_OAF_pleasant-surprise_gun,tess_OAF_pleasant-surprise_gun,Say the word sour.
tess_OAF_pleasant-surprise_half,tess_OAF_pleasant-surprise_half,Say the word dead.
tess_OAF_pleasant-surprise_hall,tess_OAF_pleasant-surprise_hall,Say the word mill.
tess_OAF_pleasant-surprise_hash,tess_OAF_pleasant-surprise_hash,Say the word goal.
tess_OAF_pleasant-surprise_hate,tess_OAF_pleasant-surprise_hate,Say the word nag.
tess_OAF_pleasant-surprise_have,tess_OAF_pleasant-surprise_have,Say the word said.
tess_OAF_pleasant-surprise_haze,tess_OAF_pleasant-surprise_haze,Say the word talk.
tess_OAF_pleasant-surprise_hire,tess_OAF_pleasant-surprise_hire,Say the word chat.
tess_OAF_pleasant-surprise_hit,tess_OAF_pleasant-surprise_hit,Say the word note.
tess_OAF_pleasant-surprise_hole,tess_OAF_pleasant-surprise_hole,Say the word dodge.
tess_OAF_pleasant-surprise_home,tess_OAF_pleasant-surprise_home,Say the word bean.
tess_OAF_pleasant-surprise_hurl,tess_OAF_pleasant-surprise_hurl,Say the word keg.
tess_OAF_pleasant-surprise_hush,tess_OAF_pleasant-surprise_hush,Say the word sail.
tess_OAF_pleasant-surprise_jail,tess_OAF_pleasant-surprise_jail,Say the word life.
tess_OAF_pleasant-surprise_jar,tess_OAF_pleasant-surprise_jar,Say the word vote.
tess_OAF_pleasant-surprise_join,tess_OAF_pleasant-surprise_join,Say the word name.
tess_OAF_pleasant-surprise_judge,tess_OAF_pleasant-surprise_judge,Say the word deep.
tess_OAF_pleasant-surprise_jug,tess_OAF_pleasant-surprise_jug,Say the word vote.
tess_OAF_pleasant-surprise_juice,tess_OAF_pleasant-surprise_juice,Say the word gaze.
tess_OAF_pleasant-surprise_keen,tess_OAF_pleasant-surprise_keen,Say the word perch.
tess_OAF_pleasant-surprise_keep,tess_OAF_pleasant-surprise_keep,Say the word choice.
tess_OAF_pleasant-surprise_keg,tess_OAF_pleasant-surprise_keg,Say the word shirt.
tess_OAF_pleasant-surprise_kick,tess_OAF_pleasant-surprise_kick,Say the word dog.
tess_OAF_pleasant-surprise_kill,tess_OAF_pleasant-surprise_kill,Say the word pass.
tess_OAF_pleasant-surprise_king,tess_OAF_pleasant-surprise_king,Say the word choice.
tess_OAF_pleasant-surprise_kite,tess_OAF_pleasant-surprise_kite,Say the word ditch.
tess_OAF_pleasant-surprise_knock,tess_OAF_pleasant-surprise_knock,Say the word week.
tess_OAF_pleasant-surprise_late,tess_OAF_pleasant-surprise_late,Say the word dog.
tess_OAF_pleasant-surprise_laud,tess_OAF_pleasant-surprise_laud,Say the word lose.
tess_OAF_pleasant-surprise_lean,tess_OAF_pleasant-surprise_lean,Say the word juice.
tess_OAF_pleasant-surprise_learn,tess_OAF_pleasant-surprise_learn,Say the word hush.
tess_OAF_pleasant-surprise_lease,tess_OAF_pleasant-surprise_lease,Say the word team.
tess_OAF_pleasant-surprise_lid,tess_OAF_pleasant-surprise_lid,Say the word rose.
tess_OAF_pleasant-surprise_life,tess_OAF_pleasant-surprise_life,Say the word kill.
tess_OAF_pleasant-surprise_limb,tess_OAF_pleasant-surprise_limb,Say the word deep.
tess_OAF_pleasant-surprise_live,tess_OAF_pleasant-surprise_live,Say the word loaf.
tess_OAF_pleasant-surprise_loaf,tess_OAF_pleasant-surprise_loaf,Say the word moon.
tess_OAF_pleasant-surprise_long,tess_OAF_pleasant-surprise_long,Say the word chair.
tess_OAF_pleasant-surprise_lore,tess_OAF_pleasant-surprise_lore,Say the word bone.
tess_OAF_pleasant-surprise_lose,tess_OAF_pleasant-surprise_lose,Say the word pool.
tess_OAF_pleasant-surprise_lot,tess_OAF_pleasant-surprise_lot,Say the word ripe.
tess_OAF_pleasant-surprise_love,tess_OAF_pleasant-surprise_love,Say the word tool.
tess_OAF_pleasant-surprise_luck,tess_OAF_pleasant-surprise_luck,Say the word white.
tess_OAF_pleasant-surprise_make,tess_OAF_pleasant-surprise_make,Say the word team.
tess_OAF_pleasant-surprise_match,tess_OAF_pleasant-surprise_match,Say the word life.
tess_OAF_pleasant-surprise_merge,tess_OAF_pleasant-surprise_merge,Say the word kite.
tess_OAF_pleasant-surprise_mess,tess_OAF_pleasant-surprise_mess,Say the word germ.
tess_OAF_pleasant-surprise_met,tess_OAF_pleasant-surprise_met,Say the word pike.
tess_OAF_pleasant-surprise_mill,tess_OAF_pleasant-surprise_mill,Say the word hurl.
tess_OAF_pleasant-surprise_mob,tess_OAF_pleasant-surprise_mob,Say the word date.
tess_OAF_pleasant-surprise_mode,tess_OAF_pleasant-surprise_mode,Say the word shawl.
tess_OAF_pleasant-surprise_mood,tess_OAF_pleasant-surprise_mood,Say the word keep.
tess_OAF_pleasant-surprise_moon,tess_OAF_pleasant-surprise_moon,Say the word raise.
tess_OAF_pleasant-surprise_mop,tess_OAF_pleasant-surprise_mop,Say the word death.
tess_OAF_pleasant-surprise_mouse,tess_OAF_pleasant-surprise_mouse,Say the word wag.
tess_OAF_pleasant-surprise_nag,tess_OAF_pleasant-surprise_nag,Say the word hush.
tess_OAF_pleasant-surprise_name,tess_OAF_pleasant-surprise_name,Say the word room.
tess_OAF_pleasant-surprise_near,tess_OAF_pleasant-surprise_near,Say the word lease.
tess_OAF_pleasant-surprise_neat,tess_OAF_pleasant-surprise_neat,Say the word shack.
tess_OAF_pleasant-surprise_nice,tess_OAF_pleasant-surprise_nice,Say the word mouse.
tess_OAF_pleasant-surprise_note,tess_OAF_pleasant-surprise_note,Say the word wife.
tess_OAF_pleasant-surprise_numb,tess_OAF_pleasant-surprise_numb,Say the word pool.
tess_OAF_pleasant-surprise_pad,tess_OAF_pleasant-surprise_pad,Say the word make.
tess_OAF_pleasant-surprise_page,tess_OAF_pleasant-surprise_page,Say the word rose.
tess_OAF_pleasant-surprise_pain,tess_OAF_pleasant-surprise_pain,Say the word gun.
tess_OAF_pleasant-surprise_pass,tess_OAF_pleasant-surprise_pass,Say the word bar.
tess_OAF_pleasant-surprise_pearl,tess_OAF_pleasant-surprise_pearl,Say the word raid.
tess_OAF_pleasant-surprise_peg,tess_OAF_pleasant-surprise_peg,Say the word thumb.
tess_OAF_pleasant-surprise_perch,tess_OAF_pleasant-surprise_perch,Say the word vote.
tess_OAF_pleasant-surprise_phone,tess_OAF_pleasant-surprise_phone,Say the word burn.
tess_OAF_pleasant-surprise_pick,tess_OAF_pleasant-surprise_pick,Say the word note.
tess_OAF_pleasant-surprise_pike,tess_OAF_pleasant-surprise_pike,Say the word gin.
tess_OAF_pleasant-surprise_pole,tess_OAF_pleasant-surprise_pole,Say the word shirt.
tess_OAF_pleasant-surprise_pool,tess_OAF_pleasant-surprise_pool,Say the word youth.
tess_OAF_pleasant-surprise_puff,tess_OAF_pleasant-surprise_puff,Say the word tip.
tess_OAF_pleasant-surprise_rag,tess_OAF_pleasant-surprise_rag,Say the word love.
tess_OAF_pleasant-surprise_raid,tess_OAF_pleasant-surprise_raid,Say the word red.
tess_OAF_pleasant-surprise_rain,tess_OAF_pleasant-surprise_rain,Say the word base.
tess_OAF_pleasant-surprise_raise,tess_OAF_pleasant-surprise_raise,Say the word size.
tess_OAF_pleasant-surprise_rat,tess_OAF_pleasant-surprise_rat,Say the word mouse.
tess_OAF_pleasant-surprise_reach,tess_OAF_pleasant-surprise_reach,Say the word choice.
tess_OAF_pleasant-surprise_read,tess_OAF_pleasant-surprise_read,Say the word wire.
tess_OAF_pleasant-surprise_red,tess_OAF_pleasant-surprise_red,Say the word mess.
tess_OAF_pleasant-surprise_ring,tess_OAF_pleasant-surprise_ring,Say the word sail.
tess_OAF_pleasant-surprise_ripe,tess_OAF_pleasant-surprise_ripe,Say the word rose.
tess_OAF_pleasant-surprise_road,tess_OAF_pleasant-surprise_road,Say the word get.
tess_OAF_pleasant-surprise_room,tess_OAF_pleasant-surprise_room,Say the word kill.
tess_OAF_pleasant-surprise_rose,tess_OAF_pleasant-surprise_rose,Say the word pick.
tess_OAF_pleasant-surprise_rot,tess_OAF_pleasant-surprise_rot,Say the word germ.
tess_OAF_pleasant-surprise_rough,tess_OAF_pleasant-surprise_rough,Say the word puff.
tess_OAF_pleasant-surprise_rush,tess_OAF_pleasant-surprise_rush,Say the word yearn.
tess_OAF_pleasant-surprise_said,tess_OAF_pleasant-surprise_said,Say the word hush.
tess_OAF_pleasant-surprise_sail,tess_OAF_pleasant-surprise_sail,Say the word rush.
tess_OAF_pleasant-surprise_search,tess_OAF_pleasant-surprise_search,Say the word met.
tess_OAF_pleasant-surprise_seize,tess_OAF_pleasant-surprise_seize,Say the word take.
tess_OAF_pleasant-surprise_sell,tess_OAF_pleasant-surprise_sell,Say the word met.
tess_OAF_pleasant-surprise_shack,tess_OAF_pleasant-surprise_shack,Say the word tough.
tess_OAF_pleasant-surprise_shall,tess_OAF_pleasant-surprise_shall,Say the word such.
tess_OAF_pleasant-surprise_shawl,tess_OAF_pleasant-surprise_shawl,Say the word juice.
tess_OAF_pleasant-surprise_sheep,tess_OAF_pleasant-surprise_sheep,Say the word laud.
tess_OAF_pleasant-surprise_shirt,tess_OAF_pleasant-surprise_shirt,Say the word peg.
tess_OAF_pleasant-surprise_should,tess_OAF_pleasant-surprise_should,Say the word sheep.
tess_OAF_pleasant-surprise_shout,tess_OAF_pleasant-surprise_shout,Say the word kick.
tess_OAF_pleasant-surprise_size,tess_OAF_pleasant-surprise_size,Say the word white.
tess_OAF_pleasant-surprise_soap,tess_OAF_pleasant-surprise_soap,Say the word juice.
tess_OAF_pleasant-surprise_soup,tess_OAF_pleasant-surprise_soup,Say the word check.
tess_OAF_pleasant-surprise_sour,tess_OAF_pleasant-surprise_sour,Say the word talk.
tess_OAF_pleasant-surprise_south,tess_OAF_pleasant-surprise_south,Say the word choice.
tess_OAF_pleasant-surprise_sub,tess_OAF_pleasant-surprise_sub,Say the word have.
tess_OAF_pleasant-surprise_such,tess_OAF_pleasant-surprise_such,Say the word hire.
tess_OAF_pleasant-surprise_sure,tess_OAF_pleasant-surprise_sure,Say the word thin.
tess_OAF_pleasant-surprise_take,tess_OAF_pleasant-surprise_take,Say the word back.
tess_OAF_pleasant-surprise_talk,tess_OAF_pleasant-surprise_talk,Say the word rot.
tess_OAF_pleasant-surprise_tape,tess_OAF_pleasant-surprise_tape,Say the word base.
tess_OAF_pleasant-surprise_team,tess_OAF_pleasant-surprise_team,Say the word sub.
tess_OAF_pleasant-surprise_tell,tess_OAF_pleasant-surprise_tell,Say the word numb.
tess_OAF_pleasant-surprise_thin,tess_OAF_pleasant-surprise_thin,Say the word bought.
tess_OAF_pleasant-surprise_third,tess_OAF_pleasant-surprise_third,Say the word young.
tess_OAF_pleasant-surprise_thought,tess_OAF_pleasant-surprise_thought,Say the word cheek.
tess_OAF_pleasant-surprise_thumb,tess_OAF_pleasant-surprise_thumb,Say the word bath.
tess_OAF_pleasant-surprise_time,tess_OAF_pleasant-surprise_time,Say the word hash.
tess_OAF_pleasant-surprise_tip,tess_OAF_pleasant-surprise_tip,Say the word talk.
tess_OAF_pleasant-surprise_tire,tess_OAF_pleasant-surprise_tire,Say the word gap.
tess_OAF_pleasant-surprise_ton,tess_OAF_pleasant-surprise_ton,Say the word week.
tess_OAF_pleasant-surprise_tool,tess_OAF_pleasant-surprise_tool,Say the word late.
tess_OAF_pleasant-surprise_tough,tess_OAF_pleasant-surprise_tough,Say the word soup.
tess_OAF_pleasant-surprise_turn,tess_OAF_pleasant-surprise_turn,Say the word should.
tess_OAF_pleasant-surprise_vine,tess_OAF_pleasant-surprise_vine,Say the word dime.
tess_OAF_pleasant-surprise_voice,tess_OAF_pleasant-surprise_voice,Say the word beg.
tess_OAF_pleasant-surprise_void,tess_OAF_pleasant-surprise_void,Say the word moon.
tess_OAF_pleasant-surprise_vote,tess_OAF_pleasant-surprise_vote,Say the word jug.
tess_OAF_pleasant-surprise_wag,tess_OAF_pleasant-surprise_wag,Say the word take.
tess_OAF_pleasant-surprise_walk,tess_OAF_pleasant-surprise_walk,Say the word should.
tess_OAF_pleasant-surprise_wash,tess_OAF_pleasant-surprise_wash,Say the word hush.
tess_OAF_pleasant-surprise_week,tess_OAF_pleasant-surprise_week,Say the word chat.
tess_OAF_pleasant-surprise_wheat,tess_OAF_pleasant-surprise_wheat,Say the word when.
tess_OAF_pleasant-surprise_when,tess_OAF_pleasant-surprise_when,Say the word kill.
tess_OAF_pleasant-surprise_which,tess_OAF_pleasant-surprise_which,Say the word dab.
tess_OAF_pleasant-surprise_whip,tess_OAF_pleasant-surprise_whip,Say the word gun.
tess_OAF_pleasant-surprise_white,tess_OAF_pleasant-surprise_white,Say the word match.
tess_OAF_pleasant-surprise_wife,tess_OAF_pleasant-surprise_wife,Say the word hurl.
tess_OAF_pleasant-surprise_wire,tess_OAF_pleasant-surprise_wire,Say the word lot.
tess_OAF_pleasant-surprise_witch,tess_OAF_pleasant-surprise_witch,Say the word sail.
tess_OAF_pleasant-surprise_yearn,tess_OAF_pleasant-surprise_yearn,Say the word mob.
tess_OAF_pleasant-surprise_yes,tess_OAF_pleasant-surprise_yes,Say the word dodge.
tess_OAF_pleasant-surprise_young,tess_OAF_pleasant-surprise_young,Say the word rat.
tess_OAF_pleasant-surprise_youth,tess_OAF_pleasant-surprise_youth,Say the word knock.
tess_OAF_sadness_back,tess_OAF_sadness_back,Say the word cause.
tess_OAF_sadness_bar,tess_OAF_sadness_bar,Say the word time.
tess_OAF_sadness_base,tess_OAF_sadness_base,Say the word time.
tess_OAF_sadness_bath,tess_OAF_sadness_bath,Say the word pad.
tess_OAF_sadness_bean,tess_OAF_sadness_bean,Say the word ton.
tess_OAF_sadness_beg,tess_OAF_sadness_beg,Say the word fail.
tess_OAF_sadness_bite,tess_OAF_sadness_bite,Say the word dime.
tess_OAF_sadness_boat,tess_OAF_sadness_boat,Say the word nice.
tess_OAF_sadness_bone,tess_OAF_sadness_bone,Say the word shirt.
tess_OAF_sadness_book,tess_OAF_sadness_book,Say the word tape.
tess_OAF_sadness_bought,tess_OAF_sadness_bought,Say the word witch.
tess_OAF_sadness_burn,tess_OAF_sadness_burn,Say the word deep.
tess_OAF_sadness_cab,tess_OAF_sadness_cab,Say the word goose.
tess_OAF_sadness_calm,tess_OAF_sadness_calm,Say the word death.
tess_OAF_sadness_came,tess_OAF_sadness_came,Say the word kill.
tess_OAF_sadness_cause,tess_OAF_sadness_cause,Say the word road.
tess_OAF_sadness_chain,tess_OAF_sadness_chain,Say the word merge.
tess_OAF_sadness_chair,tess_OAF_sadness_chair,Say the word laud.
tess_OAF_sadness_chalk,tess_OAF_sadness_chalk,Say the word keg.
tess_OAF_sadness_chat,tess_OAF_sadness_chat,Say the word fit.
tess_OAF_sadness_check,tess_OAF_sadness_check,Say the word cheek.
tess_OAF_sadness_cheek,tess_OAF_sadness_cheek,Say the word half.
tess_OAF_sadness_chief,tess_OAF_sadness_chief,Say the word half.
tess_OAF_sadness_choice,tess_OAF_sadness_choice,Say the word luck.
tess_OAF_sadness_cool,tess_OAF_sadness_cool,Say the word hole.
tess_OAF_sadness_dab,tess_OAF_sadness_dab,Say the word rush.
tess_OAF_sadness_date,tess_OAF_sadness_date,Say the word shawl.
tess_OAF_sadness_dead,tess_OAF_sadness_dead,Say the word mess.
tess_OAF_sadness_death,tess_OAF_sadness_death,Say the word sell.
tess_OAF_sadness_deep,tess_OAF_sadness_deep,Say the word mill.
tess_OAF_sadness_dime,tess_OAF_sadness_dime,Say the word hit.
tess_OAF_sadness_dip,tess_OAF_sadness_dip,Say the word rat.
tess_OAF_sadness_ditch,tess_OAF_sadness_ditch,Say the word thin.
tess_OAF_sadness_dodge,tess_OAF_sadness_dodge,Say the word vote.
tess_OAF_sadness_dog,tess_OAF_sadness_dog,Say the word wire.
tess_OAF_sadness_doll,tess_OAF_sadness_doll,Say the word rough.
tess_OAF_sadness_door,tess_OAF_sadness_door,Say the word hash.
tess_OAF_sadness_fail,tess_OAF_sadness_fail,Say the word fit.
tess_OAF_sadness_fall,tess_OAF_sadness_fall,Say the word shall.
tess_OAF_sadness_far,tess_OAF_sadness_far,Say the word bone.
tess_OAF_sadness_fat,tess_OAF_sadness_fat,Say the word book.
tess_OAF_sadness_fit,tess_OAF_sadness_fit,Say the word laud.
tess_OAF_sadness_five,tess_OAF_sadness_five,Say the word goal.
tess_OAF_sadness_food,tess_OAF_sadness_food,Say the word fall.
tess_OAF_sadness_gap,tess_OAF_sadness_gap,Say the word rag.
tess_OAF_sadness_gas,tess_OAF_sadness_gas,Say the word knock.
tess_OAF_sadness_gaze,tess_OAF_sadness_gaze,Say the word goal.
tess_OAF_sadness_germ,tess_OAF_sadness_germ,Say the word good.
tess_OAF_sadness_get,tess_OAF_sadness_get,Say the word dab.
tess_OAF_sadness_gin,tess_OAF_sadness_gin,Say the word walk.
tess_OAF_sadness_goal,tess_OAF_sadness_goal,Say the word jug.
tess_OAF_sadness_good,tess_OAF_sadness_good,Say the word rag.
tess_OAF_sadness_goose,tess_OAF_sadness_goose,Say the word chief.
tess_OAF_sadness_gun,tess_OAF_sadness_gun,Say the word which.
tess_OAF_sadness_half,tess_OAF_sadness_half,Say the word long.
tess_OAF_sadness_hall,tess_OAF_sadness_hall,Say the word bean.
tess_OAF_sadness_hash,tess_OAF_sadness_hash,Say the word king.
tess_OAF_sadness_hate,tess_OAF_sadness_hate,Say the word rough.
tess_OAF_sadness_have,tess_OAF_sadness_have,Say the word germ.
tess_OAF_sadness_haze,tess_OAF_sadness_haze,Say the word beg.
tess_OAF_sadness_hire,tess_OAF_sadness_hire,Say the word when.
tess_OAF_sadness_hit,tess_OAF_sadness_hit,Say the word rough.
tess_OAF_sadness_hole,tess_OAF_sadness_hole,Say the word hall.
tess_OAF_sadness_home,tess_OAF_sadness_home,Say the word mess.
tess_OAF_sadness_hurl,tess_OAF_sadness_hurl,Say the word five.
tess_OAF_sadness_hush,tess_OAF_sadness_hush,Say the word laud.
tess_OAF_sadness_jail,tess_OAF_sadness_jail,Say the word tell.
tess_OAF_sadness_jar,tess_OAF_sadness_jar,Say the word raise.
tess_OAF_sadness_join,tess_OAF_sadness_join,Say the word thumb.
tess_OAF_sadness_judge,tess_OAF_sadness_judge,Say the word neat.
tess_OAF_sadness_jug,tess_OAF_sadness_jug,Say the word live.
tess_OAF_sadness_juice,tess_OAF_sadness_juice,Say the word soap.
tess_OAF_sadness_keen,tess_OAF_sadness_keen,Say the word match.
tess_OAF_sadness_keep,tess_OAF_sadness_keep,Say the word walk.
tess_OAF_sadness_keg,tess_OAF_sadness_keg,Say the word numb.
tess_OAF_sadness_kick,tess_OAF_sadness_kick,Say the word gaze.
tess_OAF_sadness_kill,tess_OAF_sadness_kill,Say the word pain.
tess_OAF_sadness_king,tess_OAF_sadness_king,Say the word read.
tess_OAF_sadness_kite,tess_OAF_sadness_kite,Say the word pass.
tess_OAF_sadness_knock,tess_OAF_sadness_knock,Say the word mob.
tess_OAF_sadness_late,tess_OAF_sadness_late,Say the word keep.
tess_OAF_sadness_laud,tess_OAF_sadness_laud,Say the word wag.
tess_OAF_sadness_lean,tess_OAF_sadness_lean,Say the word long.
tess_OAF_sadness_learn,tess_OAF_sadness_learn,Say the word wire.
tess_OAF_sadness_lease,tess_OAF_sadness_lease,Say the word dog.
tess_OAF_sadness_lid,tess_OAF_sadness_lid,Say the word learn.
tess_OAF_sadness_life,tess_OAF_sadness_life,Say the word pain.
tess_OAF_sadness_limb,tess_OAF_sadness_limb,Say the word calm.
tess_OAF_sadness_live,tess_OAF_sadness_live,Say the word mop.
tess_OAF_sadness_loaf,tess_OAF_sadness_loaf,Say the word rush.
tess_OAF_sadness_long,tess_OAF_sadness_long,Say the word dog.
tess_OAF_sadness_lore,tess_OAF_sadness_lore,Say the word page.
tess_OAF_sadness_lose,tess_OAF_sadness_lose,Say the word chalk.
tess_OAF_sadness_lot,tess_OAF_sadness_lot,Say the word thin.
tess_OAF_sadness_love,tess_OAF_sadness_love,Say the word tough.
tess_OAF_sadness_luck,tess_OAF_sadness_luck,Say the word peg.
tess_OAF_sadness_make,tess_OAF_sadness_make,Say the word pain.
tess_OAF_sadness_match,tess_OAF_sadness_match,Say the word rag.
tess_OAF_sadness_merge,tess_OAF_sadness_merge,Say the word food.
tess_OAF_sadness_mess,tess_OAF_sadness_mess,Say the word search.
tess_OAF_sadness_met,tess_OAF_sadness_met,Say the word dip.
tess_OAF_sadness_mill,tess_OAF_sadness_mill,Say the word mode.
tess_OAF_sadness_mob,tess_OAF_sadness_mob,Say the word dip.
tess_OAF_sadness_mode,tess_OAF_sadness_mode,Say the word dog.
tess_OAF_sadness_mood,tess_OAF_sadness_mood,Say the word life.
tess_OAF_sadness_moon,tess_OAF_sadness_moon,Say the word fit.
tess_OAF_sadness_mop,tess_OAF_sadness_mop,Say the word thin.
tess_OAF_sadness_mouse,tess_OAF_sadness_mouse,Say the word talk.
tess_OAF_sadness_nag,tess_OAF_sadness_nag,Say the word wife.
tess_OAF_sadness_name,tess_OAF_sadness_name,Say the word bone.
tess_OAF_sadness_near,tess_OAF_sadness_near,Say the word ring.
tess_OAF_sadness_neat,tess_OAF_sadness_neat,Say the word burn.
tess_OAF_sadness_nice,tess_OAF_sadness_nice,Say the word back.
tess_OAF_sadness_note,tess_OAF_sadness_note,Say the word dip.
tess_OAF_sadness_numb,tess_OAF_sadness_numb,Say the word bath.
tess_OAF_sadness_pad,tess_OAF_sadness_pad,Say the word long.
tess_OAF_sadness_page,tess_OAF_sadness_page,Say the word keep.
tess_OAF_sadness_pain,tess_OAF_sadness_pain,Say the word chain.
tess_OAF_sadness_pass,tess_OAF_sadness_pass,Say the word bone.
tess_OAF_sadness_pearl,tess_OAF_sadness_pearl,Say the word live.
tess_OAF_sadness_peg,tess_OAF_sadness_peg,Say the word pick.
tess_OAF_sadness_perch,tess_OAF_sadness_perch,Say the word room.
tess_OAF_sadness_phone,tess_OAF_sadness_phone,Say the word cool.
tess_OAF_sadness_pick,tess_OAF_sadness_pick,Say the word goal.
tess_OAF_sadness_pike,tess_OAF_sadness_pike,Say the word neat.
tess_OAF_sadness_pole,tess_OAF_sadness_pole,Say the word check.
tess_OAF_sadness_pool,tess_OAF_sadness_pool,Say the word pole.
tess_OAF_sadness_puff,tess_OAF_sadness_puff,Say the word tire.
tess_OAF_sadness_rag,tess_OAF_sadness_rag,Say the word chat.
tess_OAF_sadness_raid,tess_OAF_sadness_raid,Say the word keg.
tess_OAF_sadness_rain,tess_OAF_sadness_rain,Say the word witch.
tess_OAF_sadness_raise,tess_OAF_sadness_raise,Say the word fall.
tess_OAF_sadness_rat,tess_OAF_sadness_rat,Say the word limb.
tess_OAF_sadness_reach,tess_OAF_sadness_reach,Say the word white.
tess_OAF_sadness_read,tess_OAF_sadness_read,Say the word neat.
tess_OAF_sadness_red,tess_OAF_sadness_red,Say the word merge.
tess_OAF_sadness_ring,tess_OAF_sadness_ring,Say the word fat.
tess_OAF_sadness_ripe,tess_OAF_sadness_ripe,Say the word get.
tess_OAF_sadness_road,tess_OAF_sadness_road,Say the word bath.
tess_OAF_sadness_room,tess_OAF_sadness_room,Say the word life.
tess_OAF_sadness_rose,tess_OAF_sadness_rose,Say the word judge.
tess_OAF_sadness_rot,tess_OAF_sadness_rot,Say the word yes.
tess_OAF_sadness_rough,tess_OAF_sadness_rough,Say the word back.
tess_OAF_sadness_rush,tess_OAF_sadness_rush,Say the word wheat.
tess_OAF_sadness_said,tess_OAF_sadness_said,Say the word hit.
tess_OAF_sadness_sail,tess_OAF_sadness_sail,Say the word mouse.
tess_OAF_sadness_search,tess_OAF_sadness_search,Say the word ring.
tess_OAF_sadness_seize,tess_OAF_sadness_seize,Say the word raid.
tess_OAF_sadness_sell,tess_OAF_sadness_sell,Say the word tip.
tess_OAF_sadness_shack,tess_OAF_sadness_shack,Say the word hush.
tess_OAF_sadness_shall,tess_OAF_sadness_shall,Say the word boat.
tess_OAF_sadness_shawl,tess_OAF_sadness_shawl,Say the word date.
tess_OAF_sadness_sheep,tess_OAF_sadness_sheep,Say the word king.
tess_OAF_sadness_shirt,tess_OAF_sadness_shirt,Say the word sheep.
tess_OAF_sadness_should,tess_OAF_sadness_should,Say the word moon.
tess_OAF_sadness_shout,tess_OAF_sadness_shout,Say the word third.
tess_OAF_sadness_size,tess_OAF_sadness_size,Say the word beg.
tess_OAF_sadness_soap,tess_OAF_sadness_soap,Say the word wife.
tess_OAF_sadness_soup,tess_OAF_sadness_soup,Say the word wire.
tess_OAF_sadness_sour,tess_OAF_sadness_sour,Say the word hire.
tess_OAF_sadness_south,tess_OAF_sadness_south,Say the word third.
tess_OAF_sadness_sub,tess_OAF_sadness_sub,Say the word such.
tess_OAF_sadness_such,tess_OAF_sadness_such,Say the word cheek.
tess_OAF_sadness_sure,tess_OAF_sadness_sure,Say the word chat.
tess_OAF_sadness_take,tess_OAF_sadness_take,Say the word juice.
tess_OAF_sadness_talk,tess_OAF_sadness_talk,Say the word cheek.
tess_OAF_sadness_tape,tess_OAF_sadness_tape,Say the word hash.
tess_OAF_sadness_team,tess_OAF_sadness_team,Say the word deep.
tess_OAF_sadness_tell,tess_OAF_sadness_tell,Say the word road.
tess_OAF_sadness_thin,tess_OAF_sadness_thin,Say the word fat.
tess_OAF_sadness_third,tess_OAF_sadness_third,Say the word mop.
tess_OAF_sadness_thought,tess_OAF_sadness_thought,Say the word get.
tess_OAF_sadness_thumb,tess_OAF_sadness_thumb,Say the word pearl.
tess_OAF_sadness_time,tess_OAF_sadness_time,Say the word walk.
tess_OAF_sadness_tip,tess_OAF_sadness_tip,Say the word late.
tess_OAF_sadness_tire,tess_OAF_sadness_tire,Say the word judge.
tess_OAF_sadness_ton,tess_OAF_sadness_ton,Say the word kite.
tess_OAF_sadness_tool,tess_OAF_sadness_tool,Say the word thought.
tess_OAF_sadness_tough,tess_OAF_sadness_tough,Say the word life.
tess_OAF_sadness_turn,tess_OAF_sadness_turn,Say the word rose.
tess_OAF_sadness_vine,tess_OAF_sadness_vine,Say the word note.
tess_OAF_sadness_voice,tess_OAF_sadness_voice,Say the word loaf.
tess_OAF_sadness_void,tess_OAF_sadness_void,Say the word lore.
tess_OAF_sadness_vote,tess_OAF_sadness_vote,Say the word witch.
tess_OAF_sadness_wag,tess_OAF_sadness_wag,Say the word cool.
tess_OAF_sadness_walk,tess_OAF_sadness_walk,Say the word team.
tess_OAF_sadness_wash,tess_OAF_sadness_wash,Say the word loaf.
tess_OAF_sadness_week,tess_OAF_sadness_week,Say the word rot.
tess_OAF_sadness_wheat,tess_OAF_sadness_wheat,Say the word pain.
tess_OAF_sadness_when,tess_OAF_sadness_when,Say the word wag.
tess_OAF_sadness_which,tess_OAF_sadness_which,Say the word wash.
tess_OAF_sadness_whip,tess_OAF_sadness_whip,Say the word rot.
tess_OAF_sadness_white,tess_OAF_sadness_white,Say the word perch.
tess_OAF_sadness_wife,tess_OAF_sadness_wife,Say the word home.
tess_OAF_sadness_wire,tess_OAF_sadness_wire,Say the word bone.
tess_OAF_sadness_witch,tess_OAF_sadness_witch,Say the word date.
tess_OAF_sadness_yearn,tess_OAF_sadness_yearn,Say the word lean.
tess_OAF_sadness_yes,tess_OAF_sadness_yes,Say the word keg.
tess_OAF_sadness_young,tess_OAF_sadness_young,Say the word pike.
tess_OAF_sadness_youth,tess_OAF_sadness_youth,Say the word sail.
